USAF,YR--MODAHRMN,TEMP,MAX,MIN,Celsius
29980,201705010000,37.00,,,9
29980,201705010100,37.00,,,9
29980,201705010200,37.00,,,9
29980,201705010300,37.00,,,9
29980,201705010400,39.00,,,13
29980,201705010500,41.00,,,16
29980,201705010600,44.00,44.00,35.00,22
29980,201705010700,45.00,,,23
29980,201705010800,48.00,,,29
29980,201705010900,51.00,,,34
29980,201705011000,52.00,,,36
29980,201705011100,51.00,,,34
29980,201705011200,54.00,,,40
29980,201705011300,49.00,,,31
29980,201705011400,50.00,,,32
29980,201705011500,52.00,,,36
29980,201705011600,50.00,,,32
29980,201705011700,52.00,,,36
29980,201705011800,48.00,54.00,43.00,29
29980,201705011900,48.00,,,29
29980,201705012000,46.00,,,25
29980,201705012100,44.00,,,22
29980,201705012200,42.00,,,18
29980,201705012300,39.00,,,13
29980,201705020000,38.00,,,11
29980,201705020100,36.00,,,7
29980,201705020200,36.00,,,7
29980,201705020300,35.00,,,5
29980,201705020400,40.00,,,14
29980,201705020500,46.00,,,25
29980,201705020600,50.00,50.00,34.00,32
29980,201705020700,54.00,,,40
29980,201705020800,52.00,,,36
29980,201705020900,53.00,,,38
29980,201705021000,55.00,,,41
29980,201705021100,55.00,,,41
29980,201705021200,57.00,,,45
29980,201705021300,60.00,,,50
29980,201705021400,60.00,,,50
29980,201705021500,59.00,,,49
29980,201705021600,57.00,,,45
29980,201705021700,56.00,,,43
29980,201705021800,53.00,61.00,49.00,38
29980,201705021900,50.00,,,32
29980,201705022000,49.00,,,31
29980,201705022100,46.00,,,25
29980,201705022200,46.00,,,25
29980,201705022300,44.00,,,22
29980,201705030000,42.00,,,18
29980,201705030100,40.00,,,14
29980,201705030200,39.00,,,13
29980,201705030300,39.00,,,13
29980,201705030400,42.00,,,18
29980,201705030500,44.00,,,22
29980,201705030600,47.00,53.00,38.00,27
29980,201705030700,50.00,,,32
29980,201705030800,50.00,,,32
29980,201705030900,53.00,,,38
29980,201705031000,54.00,,,40
29980,201705031100,56.00,,,43
29980,201705031200,56.00,,,43
29980,201705031300,56.00,,,43
29980,201705031400,55.00,,,41
29980,201705031500,54.00,,,40
29980,201705031600,54.00,,,40
29980,201705031700,53.00,,,38
29980,201705031800,51.00,57.00,47.00,34
29980,201705031900,49.00,,,31
29980,201705032000,48.00,,,29
29980,201705032100,46.00,,,25
29980,201705032200,45.00,,,23
29980,201705032300,43.00,,,20
29980,201705040000,41.00,,,16
29980,201705040100,40.00,,,14
29980,201705040200,38.00,,,11
29980,201705040300,38.00,,,11
29980,201705040400,40.00,,,14
29980,201705040500,43.00,,,20
29980,201705040600,45.00,51.00,37.00,23
29980,201705040700,47.00,,,27
29980,201705040800,48.00,,,29
29980,201705040900,49.00,,,31
29980,201705041000,51.00,,,34
29980,201705041100,49.00,,,31
29980,201705041200,49.00,,,31
29980,201705041300,51.00,,,34
29980,201705041400,48.00,,,29
29980,201705041500,48.00,,,29
29980,201705041600,47.00,,,27
29980,201705041700,46.00,,,25
29980,201705041800,44.00,52.00,44.00,22
29980,201705041900,42.00,,,18
29980,201705042000,40.00,,,14
29980,201705042100,39.00,,,13
29980,201705042200,40.00,,,14
29980,201705042300,38.00,,,11
29980,201705050000,37.00,,,9
29980,201705050100,37.00,,,9
29980,201705050200,36.00,,,7
29980,201705050300,35.00,,,5
29980,201705050400,38.00,,,11
29980,201705050500,41.00,,,16
29980,201705050600,45.00,45.00,35.00,23
29980,201705050700,49.00,,,31
29980,201705050800,52.00,,,36
29980,201705050900,55.00,,,41
29980,201705051000,58.00,,,47
29980,201705051100,58.00,,,47
29980,201705051200,59.00,,,49
29980,201705051300,57.00,,,45
29980,201705051400,59.00,,,49
29980,201705051500,58.00,,,47
29980,201705051600,59.00,,,49
29980,201705051700,62.00,,,54
29980,201705051800,58.00,64.00,45.00,47
29980,201705051900,55.00,,,41
29980,201705052000,54.00,,,40
29980,201705052100,53.00,,,38
29980,201705052200,50.00,,,32
29980,201705052300,49.00,,,31
29980,201705060000,47.00,,,27
29980,201705060100,46.00,,,25
29980,201705060200,45.00,,,23
29980,201705060300,45.00,,,23
29980,201705060400,48.00,,,29
29980,201705060500,51.00,,,34
29980,201705060600,54.00,59.00,44.00,40
29980,201705060700,56.00,,,43
29980,201705060800,57.00,,,45
29980,201705060900,58.00,,,47
29980,201705061000,59.00,,,49
29980,201705061100,59.00,,,49
29980,201705061200,58.00,,,47
29980,201705061300,58.00,,,47
29980,201705061400,58.00,,,47
29980,201705061500,57.00,,,45
29980,201705061600,56.00,,,43
29980,201705061700,55.00,,,41
29980,201705061800,52.00,59.00,52.00,36
29980,201705061900,49.00,,,31
29980,201705062000,47.00,,,27
29980,201705062100,45.00,,,23
29980,201705062200,44.00,,,22
29980,201705062300,43.00,,,20
29980,201705070000,41.00,,,16
29980,201705070100,40.00,,,14
29980,201705070200,38.00,,,11
29980,201705070300,36.00,,,7
29980,201705070400,38.00,,,11
29980,201705070500,41.00,,,16
29980,201705070600,43.00,52.00,36.00,20
29980,201705070700,46.00,,,25
29980,201705070800,46.00,,,25
29980,201705070900,46.00,,,25
29980,201705071000,46.00,,,25
29980,201705071100,47.00,,,27
29980,201705071200,48.00,,,29
29980,201705071300,46.00,,,25
29980,201705071400,44.00,,,22
29980,201705071500,46.00,,,25
29980,201705071600,44.00,,,22
29980,201705071700,42.00,,,18
29980,201705071800,42.00,50.00,42.00,18
29980,201705071900,41.00,,,16
29980,201705072000,40.00,,,14
29980,201705072100,41.00,,,16
29980,201705072200,40.00,,,14
29980,201705072300,39.00,,,13
29980,201705080000,39.00,,,13
29980,201705080100,39.00,,,13
29980,201705080200,39.00,,,13
29980,201705080300,39.00,,,13
29980,201705080400,38.00,,,11
29980,201705080500,40.00,,,14
29980,201705080600,41.00,42.00,38.00,16
29980,201705080700,43.00,,,20
29980,201705080800,42.00,,,18
29980,201705080900,42.00,,,18
29980,201705081000,44.00,,,22
29980,201705081100,44.00,,,22
29980,201705081200,45.00,,,23
29980,201705081300,42.00,,,18
29980,201705081400,41.00,,,16
29980,201705081500,40.00,,,14
29980,201705081600,40.00,,,14
29980,201705081700,37.00,,,9
29980,201705081800,38.00,47.00,37.00,11
29980,201705081900,37.00,,,9
29980,201705082000,36.00,,,7
29980,201705082100,35.00,,,5
29980,201705082200,35.00,,,5
29980,201705082300,34.00,,,4
29980,201705090000,33.00,,,2
29980,201705090100,33.00,,,2
29980,201705090200,33.00,,,2
29980,201705090300,33.00,,,2
29980,201705090400,35.00,,,5
29980,201705090500,36.00,,,7
29980,201705090600,37.00,38.00,33.00,9
29980,201705090700,35.00,,,5
29980,201705090800,36.00,,,7
29980,201705090900,37.00,,,9
29980,201705091000,38.00,,,11
29980,201705091100,39.00,,,13
29980,201705091200,36.00,,,7
29980,201705091300,39.00,,,13
29980,201705091400,37.00,,,9
29980,201705091500,37.00,,,9
29980,201705091600,35.00,,,5
29980,201705091700,36.00,,,7
29980,201705091800,36.00,41.00,34.00,7
29980,201705091900,33.00,,,2
29980,201705092000,32.00,,,0
29980,201705092100,30.00,,,-4
29980,201705092200,30.00,,,-4
29980,201705092300,29.00,,,-5
29980,201705100000,29.00,,,-5
29980,201705100100,29.00,,,-5
29980,201705100200,29.00,,,-5
29980,201705100300,30.00,,,-4
29980,201705100400,32.00,,,0
29980,201705100500,35.00,,,5
29980,201705100600,39.00,39.00,28.00,13
29980,201705100700,40.00,,,14
29980,201705100800,40.00,,,14
29980,201705100900,36.00,,,7
29980,201705101000,35.00,,,5
29980,201705101100,38.00,,,11
29980,201705101200,38.00,,,11
29980,201705101300,39.00,,,13
29980,201705101400,37.00,,,9
29980,201705101500,39.00,,,13
29980,201705101600,38.00,,,11
29980,201705101700,37.00,,,9
29980,201705101800,36.00,42.00,33.00,7
29980,201705101900,35.00,,,5
29980,201705102000,33.00,,,2
29980,201705102100,32.00,,,0
29980,201705102200,30.00,,,-4
29980,201705102300,31.00,,,-2
29980,201705110000,29.00,,,-5
29980,201705110100,30.00,,,-4
29980,201705110200,29.00,,,-5
29980,201705110300,28.00,,,-7
29980,201705110400,29.00,,,-5
29980,201705110500,34.00,,,4
29980,201705110600,38.00,38.00,28.00,11
29980,201705110700,42.00,,,18
29980,201705110800,41.00,,,16
29980,201705110900,42.00,,,18
29980,201705111000,41.00,,,16
29980,201705111100,44.00,,,22
29980,201705111200,46.00,,,25
29980,201705111300,41.00,,,16
29980,201705111400,40.00,,,14
29980,201705111500,40.00,,,14
29980,201705111600,43.00,,,20
29980,201705111700,41.00,,,16
29980,201705111800,40.00,46.00,38.00,14
29980,201705111900,38.00,,,11
29980,201705112000,36.00,,,7
29980,201705112100,33.00,,,2
29980,201705112200,32.00,,,0
29980,201705112300,31.00,,,-2
29980,201705120000,30.00,,,-4
29980,201705120100,29.00,,,-5
29980,201705120200,29.00,,,-5
29980,201705120300,31.00,,,-2
29980,201705120400,34.00,,,4
29980,201705120500,38.00,,,11
29980,201705120600,40.00,41.00,29.00,14
29980,201705120700,43.00,,,20
29980,201705120800,45.00,,,23
29980,201705120900,46.00,,,25
29980,201705121000,46.00,,,25
29980,201705121100,47.00,,,27
29980,201705121200,49.00,,,31
29980,201705121300,51.00,,,34
29980,201705121400,50.00,,,32
29980,201705121500,47.00,,,27
29980,201705121600,48.00,,,29
29980,201705121700,49.00,,,31
29980,201705121800,47.00,52.00,40.00,27
29980,201705121900,44.00,,,22
29980,201705122000,40.00,,,14
29980,201705122100,39.00,,,13
29980,201705122200,38.00,,,11
29980,201705122300,38.00,,,11
29980,201705130000,36.00,,,7
29980,201705130100,34.00,,,4
29980,201705130200,33.00,,,2
29980,201705130300,36.00,,,7
29980,201705130400,41.00,,,16
29980,201705130500,44.00,,,22
29980,201705130600,47.00,47.00,33.00,27
29980,201705130700,49.00,,,31
29980,201705130800,51.00,,,34
29980,201705130900,52.00,,,36
29980,201705131000,52.00,,,36
29980,201705131100,54.00,,,40
29980,201705131200,54.00,,,40
29980,201705131300,53.00,,,38
29980,201705131400,55.00,,,41
29980,201705131500,55.00,,,41
29980,201705131600,54.00,,,40
29980,201705131700,47.00,,,27
29980,201705131800,45.00,56.00,44.00,23
29980,201705131900,44.00,,,22
29980,201705132000,43.00,,,20
29980,201705132100,42.00,,,18
29980,201705132200,38.00,,,11
29980,201705132300,38.00,,,11
29980,201705140000,38.00,,,11
29980,201705140100,41.00,,,16
29980,201705140200,42.00,,,18
29980,201705140300,44.00,,,22
29980,201705140400,46.00,,,25
29980,201705140500,48.00,,,29
29980,201705140600,49.00,49.00,36.00,31
29980,201705140700,50.00,,,32
29980,201705140800,51.00,,,34
29980,201705140900,52.00,,,36
29980,201705141000,54.00,,,40
29980,201705141100,53.00,,,38
29980,201705141200,55.00,,,41
29980,201705141300,57.00,,,45
29980,201705141400,57.00,,,45
29980,201705141500,55.00,,,41
29980,201705141600,53.00,,,38
29980,201705141700,51.00,,,34
29980,201705141800,52.00,58.00,49.00,36
29980,201705141900,51.00,,,34
29980,201705142000,51.00,,,34
29980,201705142100,51.00,,,34
29980,201705142200,50.00,,,32
29980,201705142300,49.00,,,31
29980,201705150000,48.00,,,29
29980,201705150100,47.00,,,27
29980,201705150200,47.00,,,27
29980,201705150300,47.00,,,27
29980,201705150400,48.00,,,29
29980,201705150500,48.00,,,29
29980,201705150600,48.00,52.00,47.00,29
29980,201705150700,48.00,,,29
29980,201705150800,48.00,,,29
29980,201705150900,48.00,,,29
29980,201705151000,49.00,,,31
29980,201705151100,51.00,,,34
29980,201705151200,56.00,,,43
29980,201705151300,57.00,,,45
29980,201705151400,56.00,,,43
29980,201705151500,56.00,,,43
29980,201705151600,54.00,,,40
29980,201705151700,50.00,,,32
29980,201705151800,46.00,59.00,46.00,25
29980,201705151900,42.00,,,18
29980,201705152000,39.00,,,13
29980,201705152100,37.00,,,9
29980,201705152200,37.00,,,9
29980,201705152300,37.00,,,9
29980,201705160000,36.00,,,7
29980,201705160100,34.00,,,4
29980,201705160200,33.00,,,2
29980,201705160300,35.00,,,5
29980,201705160400,37.00,,,9
29980,201705160500,39.00,,,13
29980,201705160600,41.00,46.00,32.00,16
29980,201705160700,45.00,,,23
29980,201705160800,48.00,,,29
29980,201705160900,52.00,,,36
29980,201705161000,52.00,,,36
29980,201705161100,53.00,,,38
29980,201705161200,51.00,,,34
29980,201705161300,51.00,,,34
29980,201705161400,52.00,,,36
29980,201705161600,49.00,,,31
29980,201705161700,50.00,,,32
29980,201705161800,48.00,53.00,42.00,29
29980,201705161900,46.00,,,25
29980,201705162000,46.00,,,25
29980,201705162100,45.00,,,23
29980,201705162200,44.00,,,22
29980,201705162300,44.00,,,22
29980,201705170000,44.00,,,22
29980,201705170100,44.00,,,22
29980,201705170200,42.00,,,18
29980,201705170300,44.00,,,22
29980,201705170400,47.00,,,27
29980,201705170500,47.00,,,27
29980,201705170600,49.00,49.00,42.00,31
29980,201705170700,49.00,,,31
29980,201705170800,49.00,,,31
29980,201705170900,51.00,,,34
29980,201705171000,53.00,,,38
29980,201705171100,55.00,,,41
29980,201705171200,54.00,,,40
29980,201705171300,54.00,,,40
29980,201705171400,54.00,,,40
29980,201705171500,52.00,,,36
29980,201705171600,51.00,,,34
29980,201705171700,51.00,,,34
29980,201705171800,51.00,56.00,48.00,34
29980,201705171900,50.00,,,32
29980,201705172000,50.00,,,32
29980,201705172100,48.00,,,29
29980,201705172200,48.00,,,29
29980,201705172300,48.00,,,29
29980,201705180000,49.00,,,31
29980,201705180100,48.00,,,29
29980,201705180200,48.00,,,29
29980,201705180300,49.00,,,31
29980,201705180400,49.00,,,31
29980,201705180500,49.00,,,31
29980,201705180600,50.00,51.00,47.00,32
29980,201705180700,51.00,,,34
29980,201705180800,51.00,,,34
29980,201705180900,54.00,,,40
29980,201705181000,54.00,,,40
29980,201705181100,53.00,,,38
29980,201705181200,55.00,,,41
29980,201705181300,55.00,,,41
29980,201705181400,57.00,,,45
29980,201705181500,57.00,,,45
29980,201705181600,54.00,,,40
29980,201705181700,54.00,,,40
29980,201705181800,52.00,59.00,50.00,36
29980,201705181900,50.00,,,32
29980,201705182000,51.00,,,34
29980,201705182100,51.00,,,34
29980,201705182200,51.00,,,34
29980,201705182300,50.00,,,32
29980,201705190000,50.00,,,32
29980,201705190100,49.00,,,31
29980,201705190200,50.00,,,32
29980,201705190300,52.00,,,36
29980,201705190400,52.00,,,36
29980,201705190500,55.00,,,41
29980,201705190600,56.00,56.00,49.00,43
29980,201705190700,59.00,,,49
29980,201705190800,61.00,,,52
29980,201705190900,65.00,,,59
29980,201705191000,67.00,,,63
29980,201705191100,68.00,,,65
29980,201705191200,71.00,,,70
29980,201705191300,73.00,,,74
29980,201705191400,73.00,,,74
29980,201705191500,71.00,,,70
29980,201705191600,70.00,,,68
29980,201705191700,66.00,,,61
29980,201705191800,63.00,73.00,56.00,56
29980,201705191900,61.00,,,52
29980,201705192000,63.00,,,56
29980,201705192100,61.00,,,52
29980,201705192200,61.00,,,52
29980,201705192300,61.00,,,52
29980,201705200000,60.00,,,50
29980,201705200100,61.00,,,52
29980,201705200200,60.00,,,50
29980,201705200300,59.00,,,49
29980,201705200400,61.00,,,52
29980,201705200500,62.00,,,54
29980,201705200600,64.00,64.00,59.00,58
29980,201705200700,66.00,,,61
29980,201705200800,66.00,,,61
29980,201705200900,69.00,,,67
29980,201705201000,71.00,,,70
29980,201705201100,68.00,,,65
29980,201705201200,67.00,,,63
29980,201705201300,66.00,,,61
29980,201705201400,64.00,,,58
29980,201705201500,64.00,,,58
29980,201705201600,62.00,,,54
29980,201705201700,62.00,,,54
29980,201705201800,61.00,71.00,61.00,52
29980,201705201900,59.00,,,49
29980,201705202000,58.00,,,47
29980,201705202100,56.00,,,43
29980,201705202200,55.00,,,41
29980,201705202300,55.00,,,41
29980,201705210000,54.00,,,40
29980,201705210100,51.00,,,34
29980,201705210200,51.00,,,34
29980,201705210300,52.00,,,36
29980,201705210400,55.00,,,41
29980,201705210500,58.00,,,47
29980,201705210600,59.00,61.00,49.00,49
29980,201705210700,60.00,,,50
29980,201705210800,61.00,,,52
29980,201705210900,62.00,,,54
29980,201705211000,64.00,,,58
29980,201705211100,65.00,,,59
29980,201705211200,65.00,,,59
29980,201705211300,64.00,,,58
29980,201705211400,63.00,,,56
29980,201705211500,62.00,,,54
29980,201705211600,61.00,,,52
29980,201705211700,61.00,,,52
29980,201705211800,60.00,65.00,58.00,50
29980,201705211900,59.00,,,49
29980,201705212000,58.00,,,47
29980,201705212100,55.00,,,41
29980,201705212200,54.00,,,40
29980,201705212300,53.00,,,38
29980,201705220000,51.00,,,34
29980,201705220100,50.00,,,32
29980,201705220200,49.00,,,31
29980,201705220300,52.00,,,36
29980,201705220400,55.00,,,41
29980,201705220500,54.00,,,40
29980,201705220600,54.00,60.00,48.00,40
29980,201705220700,56.00,,,43
29980,201705220800,60.00,,,50
29980,201705220900,63.00,,,56
29980,201705221000,66.00,,,61
29980,201705221100,66.00,,,61
29980,201705221200,65.00,,,59
29980,201705221300,65.00,,,59
29980,201705221400,64.00,,,58
29980,201705221500,62.00,,,54
29980,201705221600,65.00,,,59
29980,201705221700,64.00,,,58
29980,201705221800,63.00,68.00,54.00,56
29980,201705221900,60.00,,,50
29980,201705222000,58.00,,,47
29980,201705222100,56.00,,,43
29980,201705222200,54.00,,,40
29980,201705222300,52.00,,,36
29980,201705230000,50.00,,,32
29980,201705230100,48.00,,,29
29980,201705230200,47.00,,,27
29980,201705230300,48.00,,,29
29980,201705230400,52.00,,,36
29980,201705230500,56.00,,,43
29980,201705230600,59.00,63.00,47.00,49
29980,201705230700,59.00,,,49
29980,201705230800,58.00,,,47
29980,201705230900,59.00,,,49
29980,201705231000,60.00,,,50
29980,201705231100,60.00,,,50
29980,201705231200,62.00,,,54
29980,201705231300,65.00,,,59
29980,201705231400,64.00,,,58
29980,201705231500,60.00,,,50
29980,201705231600,57.00,,,45
29980,201705231700,57.00,,,45
29980,201705231800,55.00,66.00,55.00,41
29980,201705231900,55.00,,,41
29980,201705232000,54.00,,,40
29980,201705232100,53.00,,,38
29980,201705232200,54.00,,,40
29980,201705232300,53.00,,,38
29980,201705240000,51.00,,,34
29980,201705240100,49.00,,,31
29980,201705240200,49.00,,,31
29980,201705240300,51.00,,,34
29980,201705240400,52.00,,,36
29980,201705240500,54.00,,,40
29980,201705240600,58.00,58.00,49.00,47
29980,201705240700,55.00,,,41
29980,201705240800,56.00,,,43
29980,201705240900,54.00,,,40
29980,201705241000,58.00,,,47
29980,201705241100,62.00,,,54
29980,201705241200,60.00,,,50
29980,201705241300,61.00,,,52
29980,201705241400,61.00,,,52
29980,201705241500,57.00,,,45
29980,201705241600,56.00,,,43
29980,201705241700,55.00,,,41
29980,201705241800,55.00,62.00,52.00,41
29980,201705241900,51.00,,,34
29980,201705242000,50.00,,,32
29980,201705242100,49.00,,,31
29980,201705242200,49.00,,,31
29980,201705242300,48.00,,,29
29980,201705250000,48.00,,,29
29980,201705250100,48.00,,,29
29980,201705250200,48.00,,,29
29980,201705250300,49.00,,,31
29980,201705250400,52.00,,,36
29980,201705250500,58.00,,,47
29980,201705250600,55.00,58.00,48.00,41
29980,201705250700,61.00,,,52
29980,201705250800,62.00,,,54
29980,201705250900,62.00,,,54
29980,201705251000,59.00,,,49
29980,201705251100,65.00,,,59
29980,201705251200,68.00,,,65
29980,201705251300,64.00,,,58
29980,201705251400,66.00,,,61
29980,201705251500,65.00,,,59
29980,201705251600,63.00,,,56
29980,201705251700,60.00,,,50
29980,201705251800,57.00,69.00,54.00,45
29980,201705251900,55.00,,,41
29980,201705252000,54.00,,,40
29980,201705252100,53.00,,,38
29980,201705252200,52.00,,,36
29980,201705252300,50.00,,,32
29980,201705260000,49.00,,,31
29980,201705260100,47.00,,,27
29980,201705260200,46.00,,,25
29980,201705260300,47.00,,,27
29980,201705260400,51.00,,,34
29980,201705260500,55.00,,,41
29980,201705260600,58.00,58.00,46.00,47
29980,201705260700,61.00,,,52
29980,201705260800,62.00,,,54
29980,201705260900,64.00,,,58
29980,201705261000,57.00,,,45
29980,201705261100,61.00,,,52
29980,201705261200,60.00,,,50
29980,201705261300,59.00,,,49
29980,201705261400,60.00,,,50
29980,201705261500,63.00,,,56
29980,201705261600,64.00,,,58
29980,201705261700,64.00,,,58
29980,201705261800,62.00,68.00,55.00,54
29980,201705261900,59.00,,,49
29980,201705262000,56.00,,,43
29980,201705262100,55.00,,,41
29980,201705262200,53.00,,,38
29980,201705262300,50.00,,,32
29980,201705270000,47.00,,,27
29980,201705270100,45.00,,,23
29980,201705270200,44.00,,,22
29980,201705270300,46.00,,,25
29980,201705270400,47.00,,,27
29980,201705270500,50.00,,,32
29980,201705270600,50.00,62.00,44.00,32
29980,201705270700,51.00,,,34
29980,201705270800,54.00,,,40
29980,201705270900,53.00,,,38
29980,201705271000,51.00,,,34
29980,201705271100,51.00,,,34
29980,201705271200,51.00,,,34
29980,201705271300,50.00,,,32
29980,201705271400,49.00,,,31
29980,201705271500,49.00,,,31
29980,201705271600,49.00,,,31
29980,201705271700,49.00,,,31
29980,201705271800,49.00,54.00,48.00,31
29980,201705271900,49.00,,,31
29980,201705272000,48.00,,,29
29980,201705272100,49.00,,,31
29980,201705272200,49.00,,,31
29980,201705272300,49.00,,,31
29980,201705280000,49.00,,,31
29980,201705280100,47.00,,,27
29980,201705280200,47.00,,,27
29980,201705280300,49.00,,,31
29980,201705280400,48.00,,,29
29980,201705280500,49.00,,,31
29980,201705280600,50.00,50.00,46.00,32
29980,201705280700,54.00,,,40
29980,201705280800,56.00,,,43
29980,201705280900,58.00,,,47
29980,201705281000,58.00,,,47
29980,201705281100,61.00,,,52
29980,201705281200,63.00,,,56
29980,201705281300,64.00,,,58
29980,201705281400,60.00,,,50
29980,201705281500,63.00,,,56
29980,201705281600,61.00,,,52
29980,201705281700,60.00,,,50
29980,201705281800,58.00,64.00,50.00,47
29980,201705281900,55.00,,,41
29980,201705282000,55.00,,,41
29980,201705282100,55.00,,,41
29980,201705282200,56.00,,,43
29980,201705282300,55.00,,,41
29980,201705290000,55.00,,,41
29980,201705290100,55.00,,,41
29980,201705290200,55.00,,,41
29980,201705290300,56.00,,,43
29980,201705290400,57.00,,,45
29980,201705290500,59.00,,,49
29980,201705290600,59.00,59.00,54.00,49
29980,201705290700,64.00,,,58
29980,201705290800,64.00,,,58
29980,201705291100,63.00,,,56
29980,201705291200,64.00,,,58
29980,201705291300,63.00,,,56
29980,201705291400,61.00,,,52
29980,201705291500,60.00,,,50
29980,201705291600,59.00,,,49
29980,201705291700,57.00,,,45
29980,201705291800,55.00,67.00,55.00,41
29980,201705291900,53.00,,,38
29980,201705292000,48.00,,,29
29980,201705292100,45.00,,,23
29980,201705292200,46.00,,,25
29980,201705292300,43.00,,,20
29980,201705300000,42.00,,,18
29980,201705300100,40.00,,,14
29980,201705300200,40.00,,,14
29980,201705300300,44.00,,,22
29980,201705300400,49.00,,,31
29980,201705300500,51.00,,,34
29980,201705300600,52.00,55.00,40.00,36
29980,201705300700,55.00,,,41
29980,201705300800,55.00,,,41
29980,201705300900,54.00,,,40
29980,201705301000,53.00,,,38
29980,201705301100,54.00,,,40
29980,201705301200,55.00,,,41
29980,201705301300,53.00,,,38
29980,201705301400,52.00,,,36
29980,201705301500,51.00,,,34
29980,201705301600,49.00,,,31
29980,201705301700,49.00,,,31
29980,201705301800,48.00,56.00,48.00,29
29980,201705301900,48.00,,,29
29980,201705302000,48.00,,,29
29980,201705302100,48.00,,,29
29980,201705302200,48.00,,,29
29980,201705302300,49.00,,,31
29980,201705310000,48.00,,,29
29980,201705310100,48.00,,,29
29980,201705310200,48.00,,,29
29980,201705310300,48.00,,,29
29980,201705310400,48.00,,,29
29980,201705310500,48.00,,,29
29980,201705310600,49.00,49.00,47.00,31
29980,201705310700,50.00,,,32
29980,201705310800,50.00,,,32
29980,201705310900,51.00,,,34
29980,201705311000,51.00,,,34
29980,201705311100,54.00,,,40
29980,201705311200,56.00,,,43
29980,201705311300,58.00,,,47
29980,201705311400,60.00,,,50
29980,201705311500,58.00,,,47
29980,201705311600,57.00,,,45
29980,201705311700,55.00,,,41
29980,201705311800,53.00,61.00,49.00,38
29980,201705311900,51.00,,,34
29980,201705312000,50.00,,,32
29980,201705312100,47.00,,,27
29980,201705312200,44.00,,,22
29980,201705312300,43.00,,,20
29980,201706010000,42.00,,,18
29980,201706010100,40.00,,,14
29980,201706010200,40.00,,,14
29980,201706010300,41.00,,,16
29980,201706010400,44.00,,,22
29980,201706010500,46.00,,,25
29980,201706010600,48.00,53.00,40.00,29
29980,201706010700,50.00,,,32
29980,201706010800,44.00,,,22
29980,201706010900,42.00,,,18
29980,201706011000,46.00,,,25
29980,201706011100,47.00,,,27
29980,201706011200,42.00,,,18
29980,201706011300,47.00,,,27
29980,201706011400,49.00,,,31
29980,201706011500,48.00,,,29
29980,201706011600,45.00,,,23
29980,201706011700,42.00,,,18
29980,201706011800,44.00,52.00,42.00,22
29980,201706011900,43.00,,,20
29980,201706012000,42.00,,,18
29980,201706012100,40.00,,,14
29980,201706012200,40.00,,,14
29980,201706012300,39.00,,,13
29980,201706020000,38.00,,,11
29980,201706020100,37.00,,,9
29980,201706020200,37.00,,,9
29980,201706020300,39.00,,,13
29980,201706020400,41.00,,,16
29980,201706020500,43.00,,,20
29980,201706020600,44.00,44.00,36.00,22
29980,201706020700,44.00,,,22
29980,201706020800,45.00,,,23
29980,201706020900,45.00,,,23
29980,201706021000,46.00,,,25
29980,201706021100,47.00,,,27
29980,201706021200,47.00,,,27
29980,201706021300,47.00,,,27
29980,201706021400,47.00,,,27
29980,201706021500,45.00,,,23
29980,201706021600,45.00,,,23
29980,201706021700,47.00,,,27
29980,201706021800,47.00,49.00,43.00,27
29980,201706021900,44.00,,,22
29980,201706022000,43.00,,,20
29980,201706022100,40.00,,,14
29980,201706022200,40.00,,,14
29980,201706022300,40.00,,,14
29980,201706030000,39.00,,,13
29980,201706030100,40.00,,,14
29980,201706030200,39.00,,,13
29980,201706030300,40.00,,,14
29980,201706030400,43.00,,,20
29980,201706030500,46.00,,,25
29980,201706030600,48.00,48.00,38.00,29
29980,201706030700,49.00,,,31
29980,201706030800,51.00,,,34
29980,201706030900,53.00,,,38
29980,201706031000,55.00,,,41
29980,201706031100,55.00,,,41
29980,201706031200,56.00,,,43
29980,201706031300,59.00,,,49
29980,201706031400,59.00,,,49
29980,201706031500,59.00,,,49
29980,201706031600,60.00,,,50
29980,201706031700,59.00,,,49
29980,201706031800,57.00,61.00,47.00,45
29980,201706031900,52.00,,,36
29980,201706032000,49.00,,,31
29980,201706032100,48.00,,,29
29980,201706032200,46.00,,,25
29980,201706032300,45.00,,,23
29980,201706040000,43.00,,,20
29980,201706040100,43.00,,,20
29980,201706040200,41.00,,,16
29980,201706040300,43.00,,,20
29980,201706040400,44.00,,,22
29980,201706040500,46.00,,,25
29980,201706040600,48.00,57.00,41.00,29
29980,201706040700,50.00,,,32
29980,201706040800,51.00,,,34
29980,201706040900,52.00,,,36
29980,201706041000,53.00,,,38
29980,201706041100,54.00,,,40
29980,201706041200,55.00,,,41
29980,201706041300,56.00,,,43
29980,201706041400,57.00,,,45
29980,201706041500,59.00,,,49
29980,201706041600,58.00,,,47
29980,201706041700,52.00,,,36
29980,201706041800,49.00,61.00,47.00,31
29980,201706041900,49.00,,,31
29980,201706042000,49.00,,,31
29980,201706042100,49.00,,,31
29980,201706042200,49.00,,,31
29980,201706042300,50.00,,,32
29980,201706050000,49.00,,,31
29980,201706050100,50.00,,,32
29980,201706050200,49.00,,,31
29980,201706050300,51.00,,,34
29980,201706050400,50.00,,,32
29980,201706050500,51.00,,,34
29980,201706050600,52.00,52.00,48.00,36
29980,201706050700,51.00,,,34
29980,201706050800,51.00,,,34
29980,201706050900,51.00,,,34
29980,201706051000,51.00,,,34
29980,201706051100,54.00,,,40
29980,201706051200,53.00,,,38
29980,201706051300,52.00,,,36
29980,201706051400,51.00,,,34
29980,201706051500,50.00,,,32
29980,201706051600,50.00,,,32
29980,201706051700,49.00,,,31
29980,201706051800,50.00,54.00,49.00,32
29980,201706051900,50.00,,,32
29980,201706052000,50.00,,,32
29980,201706052100,50.00,,,32
29980,201706052200,49.00,,,31
29980,201706052300,48.00,,,29
29980,201706060000,47.00,,,27
29980,201706060100,47.00,,,27
29980,201706060200,48.00,,,29
29980,201706060300,49.00,,,31
29980,201706060400,51.00,,,34
29980,201706060500,54.00,,,40
29980,201706060600,56.00,57.00,47.00,43
29980,201706060700,59.00,,,49
29980,201706060800,61.00,,,52
29980,201706060900,62.00,,,54
29980,201706061000,64.00,,,58
29980,201706061100,65.00,,,59
29980,201706061200,66.00,,,61
29980,201706061300,67.00,,,63
29980,201706061400,67.00,,,63
29980,201706061500,67.00,,,63
29980,201706061600,65.00,,,59
29980,201706061700,64.00,,,58
29980,201706061800,62.00,68.00,56.00,54
29980,201706061900,60.00,,,50
29980,201706062000,57.00,,,45
29980,201706062100,55.00,,,41
29980,201706062200,54.00,,,40
29980,201706062300,51.00,,,34
29980,201706070000,51.00,,,34
29980,201706070100,49.00,,,31
29980,201706070200,50.00,,,32
29980,201706070300,54.00,,,40
29980,201706070400,58.00,,,47
29980,201706070500,60.00,,,50
29980,201706070600,62.00,62.00,48.00,54
29980,201706070700,63.00,,,56
29980,201706070800,65.00,,,59
29980,201706070900,65.00,,,59
29980,201706071000,66.00,,,61
29980,201706071100,67.00,,,63
29980,201706071200,68.00,,,65
29980,201706071300,69.00,,,67
29980,201706071400,68.00,,,65
29980,201706071500,68.00,,,65
29980,201706071600,68.00,,,65
29980,201706071700,66.00,,,61
29980,201706071800,65.00,70.00,61.00,59
29980,201706071900,64.00,,,58
29980,201706072000,61.00,,,52
29980,201706072100,60.00,,,50
29980,201706072200,56.00,,,43
29980,201706072300,57.00,,,45
29980,201706080000,57.00,,,45
29980,201706080100,56.00,,,43
29980,201706080200,56.00,,,43
29980,201706080300,56.00,,,43
29980,201706080400,55.00,,,41
29980,201706080500,55.00,,,41
29980,201706080600,53.00,65.00,53.00,38
29980,201706080700,52.00,,,36
29980,201706080800,53.00,,,38
29980,201706080900,55.00,,,41
29980,201706081000,55.00,,,41
29980,201706081100,55.00,,,41
29980,201706081200,56.00,,,43
29980,201706081300,57.00,,,45
29980,201706081400,57.00,,,45
29980,201706081500,53.00,,,38
29980,201706081600,52.00,,,36
29980,201706081700,53.00,,,38
29980,201706081800,53.00,57.00,52.00,38
29980,201706081900,52.00,,,36
29980,201706082000,52.00,,,36
29980,201706082100,52.00,,,36
29980,201706082200,52.00,,,36
29980,201706082300,52.00,,,36
29980,201706090000,52.00,,,36
29980,201706090100,52.00,,,36
29980,201706090200,52.00,,,36
29980,201706090300,52.00,,,36
29980,201706090400,52.00,,,36
29980,201706090500,53.00,,,38
29980,201706090600,54.00,55.00,52.00,40
29980,201706090700,55.00,,,41
29980,201706090800,58.00,,,47
29980,201706090900,59.00,,,49
29980,201706091000,62.00,,,54
29980,201706091100,62.00,,,54
29980,201706091200,63.00,,,56
29980,201706091300,64.00,,,58
29980,201706091400,65.00,,,59
29980,201706091500,65.00,,,59
29980,201706091600,64.00,,,58
29980,201706091700,61.00,,,52
29980,201706091800,58.00,66.00,54.00,47
29980,201706091900,57.00,,,45
29980,201706092000,55.00,,,41
29980,201706092100,54.00,,,40
29980,201706092200,53.00,,,38
29980,201706092300,52.00,,,36
29980,201706100000,52.00,,,36
29980,201706100100,51.00,,,34
29980,201706100200,51.00,,,34
29980,201706100300,53.00,,,38
29980,201706100400,56.00,,,43
29980,201706100500,61.00,,,52
29980,201706100600,64.00,64.00,50.00,58
29980,201706100700,66.00,,,61
29980,201706100800,65.00,,,59
29980,201706100900,67.00,,,63
29980,201706101000,67.00,,,63
29980,201706101100,68.00,,,65
29980,201706101200,67.00,,,63
29980,201706101300,64.00,,,58
29980,201706101400,67.00,,,63
29980,201706101500,67.00,,,63
29980,201706101600,65.00,,,59
29980,201706101700,64.00,,,58
29980,201706101800,62.00,69.00,62.00,54
29980,201706101900,62.00,,,54
29980,201706102000,60.00,,,50
29980,201706102100,59.00,,,49
29980,201706102200,58.00,,,47
29980,201706102300,57.00,,,45
29980,201706110000,58.00,,,47
29980,201706110100,57.00,,,45
29980,201706110200,57.00,,,45
29980,201706110300,57.00,,,45
29980,201706110400,62.00,,,54
29980,201706110500,64.00,,,58
29980,201706110600,66.00,66.00,56.00,61
29980,201706110700,67.00,,,63
29980,201706110800,68.00,,,65
29980,201706110900,71.00,,,70
29980,201706111000,68.00,,,65
29980,201706111100,68.00,,,65
29980,201706111200,68.00,,,65
29980,201706111300,67.00,,,63
29980,201706111400,63.00,,,56
29980,201706111500,60.00,,,50
29980,201706111600,63.00,,,56
29980,201706111700,62.00,,,54
29980,201706111800,60.00,71.00,60.00,50
29980,201706111900,61.00,,,52
29980,201706112000,58.00,,,47
29980,201706112100,57.00,,,45
29980,201706112200,55.00,,,41
29980,201706112300,55.00,,,41
29980,201706120000,55.00,,,41
29980,201706120100,55.00,,,41
29980,201706120200,55.00,,,41
29980,201706120300,55.00,,,41
29980,201706120400,54.00,,,40
29980,201706120500,54.00,,,40
29980,201706120600,54.00,61.00,54.00,40
29980,201706120700,54.00,,,40
29980,201706120800,54.00,,,40
29980,201706120900,54.00,,,40
29980,201706121000,55.00,,,41
29980,201706121100,55.00,,,41
29980,201706121200,55.00,,,41
29980,201706121300,55.00,,,41
29980,201706121400,56.00,,,43
29980,201706121500,55.00,,,41
29980,201706121600,53.00,,,38
29980,201706121700,54.00,,,40
29980,201706121800,55.00,56.00,53.00,41
29980,201706121900,56.00,,,43
29980,201706122000,55.00,,,41
29980,201706122100,55.00,,,41
29980,201706122200,55.00,,,41
29980,201706122300,53.00,,,38
29980,201706130000,53.00,,,38
29980,201706130100,53.00,,,38
29980,201706130200,53.00,,,38
29980,201706130300,54.00,,,40
29980,201706130400,54.00,,,40
29980,201706130500,55.00,,,41
29980,201706130600,56.00,57.00,53.00,43
29980,201706130700,57.00,,,45
29980,201706130800,58.00,,,47
29980,201706130900,61.00,,,52
29980,201706131000,61.00,,,52
29980,201706131100,64.00,,,58
29980,201706131200,58.00,,,47
29980,201706131300,57.00,,,45
29980,201706131400,57.00,,,45
29980,201706131500,54.00,,,40
29980,201706131600,53.00,,,38
29980,201706131700,52.00,,,36
29980,201706131800,52.00,65.00,52.00,36
29980,201706131900,52.00,,,36
29980,201706132000,51.00,,,34
29980,201706132100,51.00,,,34
29980,201706132200,49.00,,,31
29980,201706132300,48.00,,,29
29980,201706140000,47.00,,,27
29980,201706140100,44.00,,,22
29980,201706140200,46.00,,,25
29980,201706140300,50.00,,,32
29980,201706140400,53.00,,,38
29980,201706140500,56.00,,,43
29980,201706140600,58.00,58.00,44.00,47
29980,201706140700,61.00,,,52
29980,201706140800,62.00,,,54
29980,201706140900,63.00,,,56
29980,201706141000,64.00,,,58
29980,201706141100,64.00,,,58
29980,201706141200,64.00,,,58
29980,201706141300,65.00,,,59
29980,201706141400,66.00,,,61
29980,201706141500,68.00,,,65
29980,201706141600,66.00,,,61
29980,201706141700,66.00,,,61
29980,201706141800,64.00,69.00,58.00,58
29980,201706141900,62.00,,,54
29980,201706142000,58.00,,,47
29980,201706142100,55.00,,,41
29980,201706142200,53.00,,,38
29980,201706142300,50.00,,,32
29980,201706150000,49.00,,,31
29980,201706150100,48.00,,,29
29980,201706150200,48.00,,,29
29980,201706150300,51.00,,,34
29980,201706150400,56.00,,,43
29980,201706150500,62.00,,,54
29980,201706150600,66.00,66.00,48.00,61
29980,201706150700,67.00,,,63
29980,201706150800,63.00,,,56
29980,201706150900,60.00,,,50
29980,201706151000,63.00,,,56
29980,201706151100,63.00,,,56
29980,201706151200,64.00,,,58
29980,201706151300,67.00,,,63
29980,201706151400,67.00,,,63
29980,201706151500,67.00,,,63
29980,201706151600,66.00,,,61
29980,201706151700,64.00,,,58
29980,201706151800,60.00,68.00,60.00,50
29980,201706151900,58.00,,,47
29980,201706152000,56.00,,,43
29980,201706152100,56.00,,,43
29980,201706152200,54.00,,,40
29980,201706152300,56.00,,,43
29980,201706160000,54.00,,,40
29980,201706160100,54.00,,,40
29980,201706160200,54.00,,,40
29980,201706160300,57.00,,,45
29980,201706160400,62.00,,,54
29980,201706160500,67.00,,,63
29980,201706160600,67.00,68.00,53.00,63
29980,201706160700,68.00,,,65
29980,201706160800,70.00,,,68
29980,201706160900,71.00,,,70
29980,201706161000,72.00,,,72
29980,201706161100,72.00,,,72
29980,201706161200,73.00,,,74
29980,201706161300,69.00,,,67
29980,201706161400,69.00,,,67
29980,201706161500,70.00,,,68
29980,201706161600,70.00,,,68
29980,201706161700,69.00,,,67
29980,201706161800,68.00,73.00,67.00,65
29980,201706161900,66.00,,,61
29980,201706162000,64.00,,,58
29980,201706162100,61.00,,,52
29980,201706162200,60.00,,,50
29980,201706162300,59.00,,,49
29980,201706170000,58.00,,,47
29980,201706170100,57.00,,,45
29980,201706170200,58.00,,,47
29980,201706170300,60.00,,,50
29980,201706170400,64.00,,,58
29980,201706170500,67.00,,,63
29980,201706170600,70.00,70.00,57.00,68
29980,201706170700,72.00,,,72
29980,201706170800,74.00,,,76
29980,201706170900,71.00,,,70
29980,201706171000,68.00,,,65
29980,201706171100,71.00,,,70
29980,201706171200,75.00,,,77
29980,201706171300,74.00,,,76
29980,201706171400,72.00,,,72
29980,201706171500,71.00,,,70
29980,201706171600,72.00,,,72
29980,201706171700,69.00,,,67
29980,201706171800,67.00,76.00,67.00,63
29980,201706171900,67.00,,,63
29980,201706172000,66.00,,,61
29980,201706172100,64.00,,,58
29980,201706172200,62.00,,,54
29980,201706172300,60.00,,,50
29980,201706180000,59.00,,,49
29980,201706180100,58.00,,,47
29980,201706180200,58.00,,,47
29980,201706180300,60.00,,,50
29980,201706180400,61.00,,,52
29980,201706180500,61.00,,,52
29980,201706180600,62.00,68.00,57.00,54
29980,201706180700,63.00,,,56
29980,201706180800,63.00,,,56
29980,201706180900,62.00,,,54
29980,201706181000,64.00,,,58
29980,201706181100,65.00,,,59
29980,201706181200,66.00,,,61
29980,201706181300,65.00,,,59
29980,201706181400,62.00,,,54
29980,201706181500,62.00,,,54
29980,201706181600,63.00,,,56
29980,201706181700,66.00,,,61
29980,201706181800,66.00,67.00,61.00,61
29980,201706181900,65.00,,,59
29980,201706182000,63.00,,,56
29980,201706182100,63.00,,,56
29980,201706182200,60.00,,,50
29980,201706182300,61.00,,,52
29980,201706190000,60.00,,,50
29980,201706190100,59.00,,,49
29980,201706190200,59.00,,,49
29980,201706190300,59.00,,,49
29980,201706190400,61.00,,,52
29980,201706190500,64.00,,,58
29980,201706190600,64.00,66.00,59.00,58
29980,201706190700,65.00,,,59
29980,201706190800,63.00,,,56
29980,201706190900,64.00,,,58
29980,201706191000,68.00,,,65
29980,201706191100,70.00,,,68
29980,201706191200,72.00,,,72
29980,201706191300,72.00,,,72
29980,201706191400,71.00,,,70
29980,201706191500,72.00,,,72
29980,201706191600,69.00,,,67
29980,201706191700,67.00,,,63
29980,201706191800,64.00,73.00,63.00,58
29980,201706191900,62.00,,,54
29980,201706192000,60.00,,,50
29980,201706192100,58.00,,,47
29980,201706192200,58.00,,,47
29980,201706192300,56.00,,,43
29980,201706200000,56.00,,,43
29980,201706200100,55.00,,,41
29980,201706200200,55.00,,,41
29980,201706200300,53.00,,,38
29980,201706200400,54.00,,,40
29980,201706200500,52.00,,,36
29980,201706200600,52.00,65.00,52.00,36
29980,201706200700,52.00,,,36
29980,201706200800,52.00,,,36
29980,201706200900,54.00,,,40
29980,201706201000,59.00,,,49
29980,201706201100,63.00,,,56
29980,201706201200,63.00,,,56
29980,201706201300,62.00,,,54
29980,201706201400,57.00,,,45
29980,201706201500,55.00,,,41
29980,201706201600,55.00,,,41
29980,201706201700,55.00,,,41
29980,201706201800,55.00,65.00,51.00,41
29980,201706201900,54.00,,,40
29980,201706202000,53.00,,,38
29980,201706202100,51.00,,,34
29980,201706202200,51.00,,,34
29980,201706202300,50.00,,,32
29980,201706210000,49.00,,,31
29980,201706210100,49.00,,,31
29980,201706210200,49.00,,,31
29980,201706210300,49.00,,,31
29980,201706210400,51.00,,,34
29980,201706210500,53.00,,,38
29980,201706210600,56.00,56.00,49.00,43
29980,201706210700,56.00,,,43
29980,201706210800,56.00,,,43
29980,201706210900,59.00,,,49
29980,201706211000,60.00,,,50
29980,201706211100,59.00,,,49
29980,201706211200,63.00,,,56
29980,201706211300,50.00,,,32
29980,201706211400,50.00,,,32
29980,201706211500,52.00,,,36
29980,201706211600,53.00,,,38
29980,201706211700,57.00,,,45
29980,201706211800,55.00,65.00,49.00,41
29980,201706211900,54.00,,,40
29980,201706212000,52.00,,,36
29980,201706212100,51.00,,,34
29980,201706212200,51.00,,,34
29980,201706212300,49.00,,,31
29980,201706220000,48.00,,,29
29980,201706220100,48.00,,,29
29980,201706220200,48.00,,,29
29980,201706220300,50.00,,,32
29980,201706220400,51.00,,,34
29980,201706220500,55.00,,,41
29980,201706220600,56.00,57.00,48.00,43
29980,201706220700,58.00,,,47
29980,201706220800,60.00,,,50
29980,201706220900,60.00,,,50
29980,201706221000,54.00,,,40
29980,201706221100,63.00,,,56
29980,201706221200,56.00,,,43
29980,201706221300,55.00,,,41
29980,201706221400,58.00,,,47
29980,201706221500,59.00,,,49
29980,201706221600,54.00,,,40
29980,201706221700,55.00,,,41
29980,201706221800,55.00,63.00,53.00,41
29980,201706221900,52.00,,,36
29980,201706222000,51.00,,,34
29980,201706222100,48.00,,,29
29980,201706222200,47.00,,,27
29980,201706222300,47.00,,,27
29980,201706230000,46.00,,,25
29980,201706230100,44.00,,,22
29980,201706230200,45.00,,,23
29980,201706230300,46.00,,,25
29980,201706230400,47.00,,,27
29980,201706230500,51.00,,,34
29980,201706230600,50.00,55.00,44.00,32
29980,201706230700,51.00,,,34
29980,201706230800,51.00,,,34
29980,201706230900,52.00,,,36
29980,201706231000,55.00,,,41
29980,201706231100,56.00,,,43
29980,201706231200,56.00,,,43
29980,201706231300,55.00,,,41
29980,201706231400,57.00,,,45
29980,201706231500,55.00,,,41
29980,201706231600,55.00,,,41
29980,201706231700,54.00,,,40
29980,201706231800,54.00,60.00,50.00,40
29980,201706231900,54.00,,,40
29980,201706232000,54.00,,,40
29980,201706232100,53.00,,,38
29980,201706232200,50.00,,,32
29980,201706232300,50.00,,,32
29980,201706240000,49.00,,,31
29980,201706240100,49.00,,,31
29980,201706240200,49.00,,,31
29980,201706240300,51.00,,,34
29980,201706240400,55.00,,,41
29980,201706240500,56.00,,,43
29980,201706240600,57.00,57.00,48.00,45
29980,201706240700,58.00,,,47
29980,201706240800,59.00,,,49
29980,201706240900,60.00,,,50
29980,201706241000,61.00,,,52
29980,201706241100,59.00,,,49
29980,201706241200,62.00,,,54
29980,201706241300,60.00,,,50
29980,201706241400,55.00,,,41
29980,201706241500,56.00,,,43
29980,201706241600,55.00,,,41
29980,201706241700,55.00,,,41
29980,201706241800,55.00,63.00,55.00,41
29980,201706241900,54.00,,,40
29980,201706242000,52.00,,,36
29980,201706242100,51.00,,,34
29980,201706242200,52.00,,,36
29980,201706242300,53.00,,,38
29980,201706250000,53.00,,,38
29980,201706250100,54.00,,,40
29980,201706250200,55.00,,,41
29980,201706250300,55.00,,,41
29980,201706250400,54.00,,,40
29980,201706250500,56.00,,,43
29980,201706250600,59.00,59.00,51.00,49
29980,201706250700,59.00,,,49
29980,201706250800,61.00,,,52
29980,201706250900,60.00,,,50
29980,201706251000,60.00,,,50
29980,201706251100,61.00,,,52
29980,201706251200,62.00,,,54
29980,201706251300,60.00,,,50
29980,201706251400,61.00,,,52
29980,201706251500,59.00,,,49
29980,201706251600,58.00,,,47
29980,201706251700,58.00,,,47
29980,201706251800,56.00,63.00,56.00,43
29980,201706251900,56.00,,,43
29980,201706252000,55.00,,,41
29980,201706252100,55.00,,,41
29980,201706252200,55.00,,,41
29980,201706252300,54.00,,,40
29980,201706260000,54.00,,,40
29980,201706260100,53.00,,,38
29980,201706260200,53.00,,,38
29980,201706260300,54.00,,,40
29980,201706260400,54.00,,,40
29980,201706260500,56.00,,,43
29980,201706260600,58.00,58.00,53.00,47
29980,201706260700,59.00,,,49
29980,201706260800,58.00,,,47
29980,201706260900,59.00,,,49
29980,201706261000,58.00,,,47
29980,201706261100,59.00,,,49
29980,201706261200,60.00,,,50
29980,201706261300,58.00,,,47
29980,201706261400,59.00,,,49
29980,201706261500,57.00,,,45
29980,201706262100,54.00,,,40
29980,201706262200,53.00,,,38
29980,201706262300,53.00,,,38
29980,201706270000,53.00,,,38
29980,201706270100,53.00,,,38
29980,201706270200,53.00,,,38
29980,201706270300,54.00,,,40
29980,201706270400,55.00,,,41
29980,201706270500,57.00,,,45
29980,201706270600,56.00,58.00,52.00,43
29980,201706270700,56.00,,,43
29980,201706270800,58.00,,,47
29980,201706270900,58.00,,,47
29980,201706271000,60.00,,,50
29980,201706271100,60.00,,,50
29980,201706271200,60.00,,,50
29980,201706271300,62.00,,,54
29980,201706271400,59.00,,,49
29980,201706271500,60.00,,,50
29980,201706271600,59.00,,,49
29980,201706271700,60.00,,,50
29980,201706271800,58.00,64.00,55.00,47
29980,201706271900,57.00,,,45
29980,201706272000,56.00,,,43
29980,201706272100,54.00,,,40
29980,201706272200,53.00,,,38
29980,201706272300,52.00,,,36
29980,201706280000,51.00,,,34
29980,201706280100,50.00,,,32
29980,201706280200,51.00,,,34
29980,201706280300,53.00,,,38
29980,201706280400,55.00,,,41
29980,201706280500,58.00,,,47
29980,201706280600,60.00,60.00,50.00,50
29980,201706280700,62.00,,,54
29980,201706280800,64.00,,,58
29980,201706280900,65.00,,,59
29980,201706281000,65.00,,,59
29980,201706281100,67.00,,,63
29980,201706281200,66.00,,,61
29980,201706281300,67.00,,,63
29980,201706281400,66.00,,,61
29980,201706281500,67.00,,,63
29980,201706281600,66.00,,,61
29980,201706281700,63.00,,,56
29980,201706281800,60.00,68.00,60.00,50
29980,201706281900,58.00,,,47
29980,201706282000,56.00,,,43
29980,201706282100,54.00,,,40
29980,201706282200,53.00,,,38
29980,201706282300,50.00,,,32
29980,201706290000,49.00,,,31
29980,201706290100,47.00,,,27
29980,201706290200,48.00,,,29
29980,201706290300,53.00,,,38
29980,201706290400,58.00,,,47
29980,201706290500,59.00,,,49
29980,201706290600,61.00,61.00,47.00,52
29980,201706290700,63.00,,,56
29980,201706290800,64.00,,,58
29980,201706290900,65.00,,,59
29980,201706291000,67.00,,,63
29980,201706291100,67.00,,,63
29980,201706291200,68.00,,,65
29980,201706291300,68.00,,,65
29980,201706291400,66.00,,,61
29980,201706291500,67.00,,,63
29980,201706291600,67.00,,,63
29980,201706291700,66.00,,,61
29980,201706291800,65.00,69.00,61.00,59
29980,201706291900,64.00,,,58
29980,201706292000,63.00,,,56
29980,201706292100,63.00,,,56
29980,201706292200,62.00,,,54
29980,201706292300,61.00,,,52
29980,201706300000,60.00,,,50
29980,201706300100,58.00,,,47
29980,201706300200,58.00,,,47
29980,201706300300,58.00,,,47
29980,201706300400,59.00,,,49
29980,201706300500,60.00,,,50
29980,201706300600,61.00,65.00,58.00,52
29980,201706300700,63.00,,,56
29980,201706300800,64.00,,,58
29980,201706301000,66.00,,,61
29980,201706301100,67.00,,,63
29980,201706301200,66.00,,,61
29980,201706301300,67.00,,,63
29980,201706301400,66.00,,,61
29980,201706301500,66.00,,,61
29980,201706301600,65.00,,,59
29980,201706301700,65.00,,,59
29980,201706301800,65.00,68.00,61.00,59
29980,201706301900,65.00,,,59
29980,201706302000,61.00,,,52
29980,201706302100,63.00,,,56
29980,201706302200,62.00,,,54
29980,201706302300,61.00,,,52
29980,201707010000,59.00,,,49
29980,201707010100,57.00,,,45
29980,201707010200,57.00,,,45
29980,201707010300,56.00,,,43
29980,201707010400,56.00,,,43
29980,201707010500,57.00,,,45
29980,201707010600,57.00,65.00,56.00,45
29980,201707010700,58.00,,,47
29980,201707010800,58.00,,,47
29980,201707010900,59.00,,,49
29980,201707011000,57.00,,,45
29980,201707011100,57.00,,,45
29980,201707011200,56.00,,,43
29980,201707011300,56.00,,,43
29980,201707011400,57.00,,,45
29980,201707011500,56.00,,,43
29980,201707011600,58.00,,,47
29980,201707011700,57.00,,,45
29980,201707011800,56.00,59.00,56.00,43
29980,201707011900,56.00,,,43
29980,201707012000,57.00,,,45
29980,201707012100,58.00,,,47
29980,201707012200,58.00,,,47
29980,201707012300,59.00,,,49
29980,201707020000,59.00,,,49
29980,201707020100,59.00,,,49
29980,201707020200,59.00,,,49
29980,201707020300,59.00,,,49
29980,201707020400,59.00,,,49
29980,201707020500,59.00,,,49
29980,201707020600,59.00,60.00,56.00,49
29980,201707020700,60.00,,,50
29980,201707020800,62.00,,,54
29980,201707020900,63.00,,,56
29980,201707021000,64.00,,,58
29980,201707021100,65.00,,,59
29980,201707021200,65.00,,,59
29980,201707021300,66.00,,,61
29980,201707021400,66.00,,,61
29980,201707021500,65.00,,,59
29980,201707021600,65.00,,,59
29980,201707021700,64.00,,,58
29980,201707021800,62.00,67.00,60.00,54
29980,201707021900,60.00,,,50
29980,201707022000,60.00,,,50
29980,201707022100,59.00,,,49
29980,201707022200,59.00,,,49
29980,201707022300,58.00,,,47
29980,201707030000,58.00,,,47
29980,201707030100,57.00,,,45
29980,201707030200,57.00,,,45
29980,201707030300,57.00,,,45
29980,201707030400,58.00,,,47
29980,201707030500,58.00,,,47
29980,201707030600,59.00,62.00,57.00,49
29980,201707030700,57.00,,,45
29980,201707030800,56.00,,,43
29980,201707030900,58.00,,,47
29980,201707031000,58.00,,,47
29980,201707031100,59.00,,,49
29980,201707031200,58.00,,,47
29980,201707031300,64.00,,,58
29980,201707031400,62.00,,,54
29980,201707031600,61.00,,,52
29980,201707031700,59.00,,,49
29980,201707031800,58.00,64.00,56.00,47
29980,201707031900,56.00,,,43
29980,201707032000,55.00,,,41
29980,201707032100,54.00,,,40
29980,201707032200,55.00,,,41
29980,201707032300,55.00,,,41
29980,201707040000,54.00,,,40
29980,201707040100,53.00,,,38
29980,201707040200,54.00,,,40
29980,201707040300,54.00,,,40
29980,201707040400,56.00,,,43
29980,201707040500,58.00,,,47
29980,201707040600,58.00,60.00,53.00,47
29980,201707040700,59.00,,,49
29980,201707040800,60.00,,,50
29980,201707040900,60.00,,,50
29980,201707041000,57.00,,,45
29980,201707041100,60.00,,,50
29980,201707041200,61.00,,,52
29980,201707041300,63.00,,,56
29980,201707041400,62.00,,,54
29980,201707041500,61.00,,,52
29980,201707041600,58.00,,,47
29980,201707041700,58.00,,,47
29980,201707041800,57.00,65.00,56.00,45
29980,201707041900,56.00,,,43
29980,201707042000,56.00,,,43
29980,201707042100,54.00,,,40
29980,201707042200,55.00,,,41
29980,201707042300,55.00,,,41
29980,201707050000,55.00,,,41
29980,201707050100,55.00,,,41
29980,201707050200,55.00,,,41
29980,201707050300,55.00,,,41
29980,201707050400,55.00,,,41
29980,201707050500,55.00,,,41
29980,201707050600,56.00,57.00,54.00,43
29980,201707050700,56.00,,,43
29980,201707050800,58.00,,,47
29980,201707050900,58.00,,,47
29980,201707051000,60.00,,,50
29980,201707051100,63.00,,,56
29980,201707051200,64.00,,,58
29980,201707051300,63.00,,,56
29980,201707051400,62.00,,,54
29980,201707051500,61.00,,,52
29980,201707051600,63.00,,,56
29980,201707051700,59.00,,,49
29980,201707051800,58.00,64.00,55.00,47
29980,201707051900,56.00,,,43
29980,201707052000,53.00,,,38
29980,201707052100,50.00,,,32
29980,201707052200,49.00,,,31
29980,201707052300,49.00,,,31
29980,201707060000,49.00,,,31
29980,201707060100,48.00,,,29
29980,201707060200,47.00,,,27
29980,201707060300,47.00,,,27
29980,201707060400,49.00,,,31
29980,201707060500,51.00,,,34
29980,201707060600,51.00,58.00,47.00,34
29980,201707060700,53.00,,,38
29980,201707060800,55.00,,,41
29980,201707060900,57.00,,,45
29980,201707061000,58.00,,,47
29980,201707061100,55.00,,,41
29980,201707061200,58.00,,,47
29980,201707061300,60.00,,,50
29980,201707061400,59.00,,,49
29980,201707061500,59.00,,,49
29980,201707061600,55.00,,,41
29980,201707061700,57.00,,,45
29980,201707061800,52.00,62.00,51.00,36
29980,201707061900,53.00,,,38
29980,201707062000,51.00,,,34
29980,201707062100,47.00,,,27
29980,201707062200,47.00,,,27
29980,201707062300,47.00,,,27
29980,201707070000,47.00,,,27
29980,201707070100,46.00,,,25
29980,201707070200,47.00,,,27
29980,201707070300,49.00,,,31
29980,201707070400,52.00,,,36
29980,201707070500,55.00,,,41
29980,201707070600,58.00,59.00,46.00,47
29980,201707070700,60.00,,,50
29980,201707070800,64.00,,,58
29980,201707070900,65.00,,,59
29980,201707071000,67.00,,,63
29980,201707071100,63.00,,,56
29980,201707071200,66.00,,,61
29980,201707071300,65.00,,,59
29980,201707071400,67.00,,,63
29980,201707071500,65.00,,,59
29980,201707071600,63.00,,,56
29980,201707071700,63.00,,,56
29980,201707071800,61.00,68.00,58.00,52
29980,201707071900,61.00,,,52
29980,201707072000,58.00,,,47
29980,201707072100,58.00,,,47
29980,201707072200,55.00,,,41
29980,201707072300,53.00,,,38
29980,201707080000,53.00,,,38
29980,201707080100,52.00,,,36
29980,201707080200,52.00,,,36
29980,201707080300,54.00,,,40
29980,201707080400,56.00,,,43
29980,201707080500,61.00,,,52
29980,201707080600,64.00,65.00,52.00,58
29980,201707080700,66.00,,,61
29980,201707080800,68.00,,,65
29980,201707080900,61.00,,,52
29980,201707081000,64.00,,,58
29980,201707081100,63.00,,,56
29980,201707081200,66.00,,,61
29980,201707081300,62.00,,,54
29980,201707081400,70.00,,,68
29980,201707081500,67.00,,,63
29980,201707081600,65.00,,,59
29980,201707081700,67.00,,,63
29980,201707081800,65.00,72.00,61.00,59
29980,201707081900,61.00,,,52
29980,201707082000,60.00,,,50
29980,201707082100,58.00,,,47
29980,201707082200,58.00,,,47
29980,201707082300,58.00,,,47
29980,201707090000,56.00,,,43
29980,201707090100,56.00,,,43
29980,201707090200,55.00,,,41
29980,201707090300,58.00,,,47
29980,201707090400,59.00,,,49
29980,201707090500,61.00,,,52
29980,201707090600,64.00,65.00,54.00,58
29980,201707090700,63.00,,,56
29980,201707090800,65.00,,,59
29980,201707090900,66.00,,,61
29980,201707091000,68.00,,,65
29980,201707091100,68.00,,,65
29980,201707091200,68.00,,,65
29980,201707091300,68.00,,,65
29980,201707091400,69.00,,,67
29980,201707091500,71.00,,,70
29980,201707091600,68.00,,,65
29980,201707091700,66.00,,,61
29980,201707091800,64.00,71.00,62.00,58
29980,201707091900,63.00,,,56
29980,201707092000,61.00,,,52
29980,201707092100,59.00,,,49
29980,201707092200,58.00,,,47
29980,201707092300,56.00,,,43
29980,201707100000,54.00,,,40
29980,201707100100,54.00,,,40
29980,201707100200,54.00,,,40
29980,201707100300,57.00,,,45
29980,201707100400,62.00,,,54
29980,201707100500,65.00,,,59
29980,201707100600,68.00,68.00,54.00,65
29980,201707100700,68.00,,,65
29980,201707100800,67.00,,,63
29980,201707100900,68.00,,,65
29980,201707101000,69.00,,,67
29980,201707101100,68.00,,,65
29980,201707101200,71.00,,,70
29980,201707101300,71.00,,,70
29980,201707101400,72.00,,,72
29980,201707101500,71.00,,,70
29980,201707101600,69.00,,,67
29980,201707101700,68.00,,,65
29980,201707101800,66.00,72.00,66.00,61
29980,201707101900,64.00,,,58
29980,201707102000,62.00,,,54
29980,201707102100,60.00,,,50
29980,201707102200,59.00,,,49
29980,201707102300,59.00,,,49
29980,201707110000,59.00,,,49
29980,201707110100,59.00,,,49
29980,201707110200,59.00,,,49
29980,201707110300,59.00,,,49
29980,201707110400,62.00,,,54
29980,201707110500,62.00,,,54
29980,201707110600,64.00,66.00,59.00,58
29980,201707110700,64.00,,,58
29980,201707110800,63.00,,,56
29980,201707110900,64.00,,,58
29980,201707111000,64.00,,,58
29980,201707111100,66.00,,,61
29980,201707111200,66.00,,,61
29980,201707111300,64.00,,,58
29980,201707111400,64.00,,,58
29980,201707111500,62.00,,,54
29980,201707111600,61.00,,,52
29980,201707111700,61.00,,,52
29980,201707111800,61.00,66.00,61.00,52
29980,201707111900,62.00,,,54
29980,201707112000,62.00,,,54
29980,201707112100,63.00,,,56
29980,201707112200,63.00,,,56
29980,201707112300,63.00,,,56
29980,201707120000,62.00,,,54
29980,201707120100,60.00,,,50
29980,201707120200,59.00,,,49
29980,201707120300,59.00,,,49
29980,201707120400,59.00,,,49
29980,201707120500,59.00,,,49
29980,201707120600,60.00,64.00,59.00,50
29980,201707120700,60.00,,,50
29980,201707120800,62.00,,,54
29980,201707120900,62.00,,,54
29980,201707121000,64.00,,,58
29980,201707121100,63.00,,,56
29980,201707121200,66.00,,,61
29980,201707121300,69.00,,,67
29980,201707121400,66.00,,,61
29980,201707121500,67.00,,,63
29980,201707121600,66.00,,,61
29980,201707121700,64.00,,,58
29980,201707121800,63.00,70.00,60.00,56
29980,201707121900,61.00,,,52
29980,201707122000,59.00,,,49
29980,201707122100,58.00,,,47
29980,201707122200,57.00,,,45
29980,201707122300,57.00,,,45
29980,201707130000,57.00,,,45
29980,201707130100,58.00,,,47
29980,201707130200,58.00,,,47
29980,201707130300,58.00,,,47
29980,201707130400,59.00,,,49
29980,201707130500,60.00,,,50
29980,201707130600,59.00,63.00,56.00,49
29980,201707130700,61.00,,,52
29980,201707130800,62.00,,,54
29980,201707130900,66.00,,,61
29980,201707131000,65.00,,,59
29980,201707131100,63.00,,,56
29980,201707131200,60.00,,,50
29980,201707131300,59.00,,,49
29980,201707131400,58.00,,,47
29980,201707131500,59.00,,,49
29980,201707131600,56.00,,,43
29980,201707131700,55.00,,,41
29980,201707131800,55.00,67.00,55.00,41
29980,201707131900,55.00,,,41
29980,201707132000,55.00,,,41
29980,201707132100,53.00,,,38
29980,201707132200,52.00,,,36
29980,201707132300,52.00,,,36
29980,201707140000,51.00,,,34
29980,201707140100,51.00,,,34
29980,201707140200,51.00,,,34
29980,201707140300,52.00,,,36
29980,201707140400,53.00,,,38
29980,201707140500,56.00,,,43
29980,201707140600,57.00,57.00,50.00,45
29980,201707140700,59.00,,,49
29980,201707140800,61.00,,,52
29980,201707140900,64.00,,,58
29980,201707141000,64.00,,,58
29980,201707141100,66.00,,,61
29980,201707141200,68.00,,,65
29980,201707141300,68.00,,,65
29980,201707141400,68.00,,,65
29980,201707141500,68.00,,,65
29980,201707141600,67.00,,,63
29980,201707141700,65.00,,,59
29980,201707141800,62.00,69.00,57.00,54
29980,201707141900,59.00,,,49
29980,201707142000,55.00,,,41
29980,201707142100,54.00,,,40
29980,201707142200,52.00,,,36
29980,201707142300,51.00,,,34
29980,201707150000,49.00,,,31
29980,201707150100,48.00,,,29
29980,201707150200,47.00,,,27
29980,201707150300,50.00,,,32
29980,201707150400,55.00,,,41
29980,201707150500,60.00,,,50
29980,201707150600,62.00,62.00,47.00,54
29980,201707150700,65.00,,,59
29980,201707150800,68.00,,,65
29980,201707150900,65.00,,,59
29980,201707151000,69.00,,,67
29980,201707151100,69.00,,,67
29980,201707151200,70.00,,,68
29980,201707151300,71.00,,,70
29980,201707151400,72.00,,,72
29980,201707151500,72.00,,,72
29980,201707151600,71.00,,,70
29980,201707151700,70.00,,,68
29980,201707151800,68.00,72.00,62.00,65
29980,201707151900,64.00,,,58
29980,201707152000,60.00,,,50
29980,201707152100,58.00,,,47
29980,201707152200,56.00,,,43
29980,201707152300,55.00,,,41
29980,201707160000,54.00,,,40
29980,201707160100,55.00,,,41
29980,201707160200,52.00,,,36
29980,201707160300,56.00,,,43
29980,201707160400,58.00,,,47
29980,201707160500,62.00,,,54
29980,201707160600,65.00,68.00,52.00,59
29980,201707160700,68.00,,,65
29980,201707160800,70.00,,,68
29980,201707160900,71.00,,,70
29980,201707161000,69.00,,,67
29980,201707161100,70.00,,,68
29980,201707161200,73.00,,,74
29980,201707161300,73.00,,,74
29980,201707161400,73.00,,,74
29980,201707161500,72.00,,,72
29980,201707161600,70.00,,,68
29980,201707161700,68.00,,,65
29980,201707161800,66.00,73.00,65.00,61
29980,201707161900,64.00,,,58
29980,201707162000,61.00,,,52
29980,201707162100,59.00,,,49
29980,201707162200,57.00,,,45
29980,201707162300,56.00,,,43
29980,201707170000,56.00,,,43
29980,201707170100,56.00,,,43
29980,201707170200,58.00,,,47
29980,201707170300,60.00,,,50
29980,201707170400,60.00,,,50
29980,201707170500,60.00,,,50
29980,201707170600,61.00,66.00,56.00,52
29980,201707170700,60.00,,,50
29980,201707170800,59.00,,,49
29980,201707171000,58.00,,,47
29980,201707171100,58.00,,,47
29980,201707171200,60.00,,,50
29980,201707171300,62.00,,,54
29980,201707171400,65.00,,,59
29980,201707171600,64.00,,,58
29980,201707171700,62.00,,,54
29980,201707171800,61.00,66.00,58.00,52
29980,201707171900,61.00,,,52
29980,201707172000,58.00,,,47
29980,201707172200,54.00,,,40
29980,201707172300,53.00,,,38
29980,201707180000,52.00,,,36
29980,201707180100,52.00,,,36
29980,201707180200,52.00,,,36
29980,201707180400,55.00,,,41
29980,201707180500,58.00,,,47
29980,201707180600,60.00,62.00,52.00,50
29980,201707180700,62.00,,,54
29980,201707180800,65.00,,,59
29980,201707181000,65.00,,,59
29980,201707181100,66.00,,,61
29980,201707181200,60.00,,,50
29980,201707181300,59.00,,,49
29980,201707181400,61.00,,,52
29980,201707181600,66.00,,,61
29980,201707181700,64.00,,,58
29980,201707181800,62.00,68.00,55.00,54
29980,201707181900,60.00,,,50
29980,201707182000,58.00,,,47
29980,201707182200,54.00,,,40
29980,201707182300,53.00,,,38
29980,201707190000,51.00,,,34
29980,201707190100,51.00,,,34
29980,201707190200,50.00,,,32
29980,201707190400,54.00,,,40
29980,201707190500,56.00,,,43
29980,201707190600,58.00,62.00,50.00,47
29980,201707190700,59.00,,,49
29980,201707190800,61.00,,,52
29980,201707191000,55.00,,,41
29980,201707191100,57.00,,,45
29980,201707191200,61.00,,,52
29980,201707191300,60.00,,,50
29980,201707191400,60.00,,,50
29980,201707191600,59.00,,,49
29980,201707191700,58.00,,,47
29980,201707191800,58.00,62.00,55.00,47
29980,201707191900,57.00,,,45
29980,201707192000,56.00,,,43
29980,201707192200,55.00,,,41
29980,201707192300,55.00,,,41
29980,201707200000,55.00,,,41
29980,201707200100,54.00,,,40
29980,201707200200,54.00,,,40
29980,201707200300,54.00,,,40
29980,201707200400,55.00,,,41
29980,201707200500,56.00,,,43
29980,201707200600,57.00,58.00,54.00,45
29980,201707200700,58.00,,,47
29980,201707200800,59.00,,,49
29980,201707200900,60.00,,,50
29980,201707201000,60.00,,,50
29980,201707201100,57.00,,,45
29980,201707201200,61.00,,,52
29980,201707201300,63.00,,,56
29980,201707201400,64.00,,,58
29980,201707201500,62.00,,,54
29980,201707201600,63.00,,,56
29980,201707201700,61.00,,,52
29980,201707201800,61.00,67.00,56.00,52
29980,201707201900,57.00,,,45
29980,201707202000,58.00,,,47
29980,201707202100,58.00,,,47
29980,201707202200,57.00,,,45
29980,201707202300,53.00,,,38
29980,201707210000,51.00,,,34
29980,201707210100,51.00,,,34
29980,201707210200,49.00,,,31
29980,201707210300,53.00,,,38
29980,201707210400,56.00,,,43
29980,201707210500,59.00,,,49
29980,201707210600,61.00,61.00,49.00,52
29980,201707210700,63.00,,,56
29980,201707210800,62.00,,,54
29980,201707210900,64.00,,,58
29980,201707211000,64.00,,,58
29980,201707211100,65.00,,,59
29980,201707211200,67.00,,,63
29980,201707211300,69.00,,,67
29980,201707211400,70.00,,,68
29980,201707211500,69.00,,,67
29980,201707211600,69.00,,,67
29980,201707211700,65.00,,,59
29980,201707211800,64.00,70.00,60.00,58
29980,201707211900,62.00,,,54
29980,201707212000,59.00,,,49
29980,201707212100,55.00,,,41
29980,201707212200,55.00,,,41
29980,201707212300,57.00,,,45
29980,201707220000,55.00,,,41
29980,201707220100,51.00,,,34
29980,201707220200,50.00,,,32
29980,201707220300,52.00,,,36
29980,201707220400,56.00,,,43
29980,201707220500,60.00,,,50
29980,201707220600,63.00,64.00,50.00,56
29980,201707220700,64.00,,,58
29980,201707220800,64.00,,,58
29980,201707220900,67.00,,,63
29980,201707221000,67.00,,,63
29980,201707221100,67.00,,,63
29980,201707221200,65.00,,,59
29980,201707221300,66.00,,,61
29980,201707221400,61.00,,,52
29980,201707221500,61.00,,,52
29980,201707221600,66.00,,,61
29980,201707221700,64.00,,,58
29980,201707221800,61.00,70.00,58.00,52
29980,201707221900,59.00,,,49
29980,201707222000,57.00,,,45
29980,201707222100,56.00,,,43
29980,201707222200,54.00,,,40
29980,201707222300,55.00,,,41
29980,201707230000,55.00,,,41
29980,201707230100,53.00,,,38
29980,201707230200,51.00,,,34
29980,201707230300,54.00,,,40
29980,201707230400,57.00,,,45
29980,201707230500,61.00,,,52
29980,201707230600,64.00,64.00,51.00,58
29980,201707230700,65.00,,,59
29980,201707230800,67.00,,,63
29980,201707230900,67.00,,,63
29980,201707231000,69.00,,,67
29980,201707231100,66.00,,,61
29980,201707231200,66.00,,,61
29980,201707231300,68.00,,,65
29980,201707231400,71.00,,,70
29980,201707231500,68.00,,,65
29980,201707231600,69.00,,,67
29980,201707231700,65.00,,,59
29980,201707231800,66.00,71.00,64.00,61
29980,201707231900,63.00,,,56
29980,201707232000,60.00,,,50
29980,201707232100,59.00,,,49
29980,201707232200,57.00,,,45
29980,201707232300,56.00,,,43
29980,201707240000,56.00,,,43
29980,201707240100,55.00,,,41
29980,201707240200,52.00,,,36
29980,201707240300,54.00,,,40
29980,201707240400,58.00,,,47
29980,201707240500,60.00,,,50
29980,201707240600,63.00,66.00,52.00,56
29980,201707240700,63.00,,,56
29980,201707240800,64.00,,,58
29980,201707240900,63.00,,,56
29980,201707241000,62.00,,,54
29980,201707241100,62.00,,,54
29980,201707241200,62.00,,,54
29980,201707241300,62.00,,,54
29980,201707241400,62.00,,,54
29980,201707241500,63.00,,,56
29980,201707241600,62.00,,,54
29980,201707241700,62.00,,,54
29980,201707241800,61.00,65.00,61.00,52
29980,201707241900,61.00,,,52
29980,201707242000,60.00,,,50
29980,201707242100,60.00,,,50
29980,201707242200,60.00,,,50
29980,201707242300,58.00,,,47
29980,201707250000,56.00,,,43
29980,201707250100,56.00,,,43
29980,201707250200,58.00,,,47
29980,201707250300,58.00,,,47
29980,201707250400,59.00,,,49
29980,201707250500,60.00,,,50
29980,201707250600,63.00,,56.00,56
29980,201707250700,65.00,,,59
29980,201707250800,64.00,,,58
29980,201707250900,64.00,,,58
29980,201707251000,64.00,,,58
29980,201707251100,66.00,,,61
29980,201707251200,62.00,,,54
29980,201707251300,64.00,,,58
29980,201707251400,64.00,,,58
29980,201707251500,64.00,,,58
29980,201707251600,64.00,,,58
29980,201707251700,64.00,,,58
29980,201707251800,62.00,69.00,62.00,54
29980,201707251900,62.00,,,54
29980,201707252000,60.00,,,50
29980,201707252100,58.00,,,47
29980,201707252200,57.00,,,45
29980,201707252300,55.00,,,41
29980,201707260000,56.00,,,43
29980,201707260100,55.00,,,41
29980,201707260200,55.00,,,41
29980,201707260300,55.00,,,41
29980,201707260400,56.00,,,43
29980,201707260500,59.00,,,49
29980,201707260600,62.00,62.00,54.00,54
29980,201707260700,64.00,,,58
29980,201707260800,66.00,,,61
29980,201707260900,67.00,,,63
29980,201707261000,68.00,,,65
29980,201707261100,67.00,,,63
29980,201707261200,67.00,,,63
29980,201707261300,68.00,,,65
29980,201707261400,72.00,,,72
29980,201707261500,70.00,,,68
29980,201707261600,69.00,,,67
29980,201707261700,66.00,,,61
29980,201707261800,65.00,73.00,62.00,59
29980,201707261900,62.00,,,54
29980,201707262000,62.00,,,54
29980,201707262100,61.00,,,52
29980,201707262200,59.00,,,49
29980,201707262300,59.00,,,49
29980,201707270000,59.00,,,49
29980,201707270100,58.00,,,47
29980,201707270200,58.00,,,47
29980,201707270300,60.00,,,50
29980,201707270400,61.00,,,52
29980,201707270500,63.00,,,56
29980,201707270600,66.00,66.00,57.00,61
29980,201707270700,69.00,,,67
29980,201707270800,71.00,,,70
29980,201707270900,72.00,,,72
29980,201707271000,72.00,,,72
29980,201707271100,71.00,,,70
29980,201707271200,70.00,,,68
29980,201707271300,70.00,,,68
29980,201707271400,70.00,,,68
29980,201707271500,69.00,,,67
29980,201707271600,69.00,,,67
29980,201707271700,68.00,,,65
29980,201707271800,67.00,74.00,66.00,63
29980,201707271900,66.00,,,61
29980,201707272000,66.00,,,61
29980,201707272100,66.00,,,61
29980,201707272200,65.00,,,59
29980,201707272300,65.00,,,59
29980,201707280000,65.00,,,59
29980,201707280100,63.00,,,56
29980,201707280200,63.00,,,56
29980,201707280300,64.00,,,58
29980,201707280400,65.00,,,59
29980,201707280500,65.00,,,59
29980,201707280600,67.00,67.00,63.00,63
29980,201707280700,67.00,,,63
29980,201707280800,70.00,,,68
29980,201707280900,72.00,,,72
29980,201707281000,73.00,,,74
29980,201707281100,74.00,,,76
29980,201707281200,72.00,,,72
29980,201707281300,75.00,,,77
29980,201707281400,71.00,,,70
29980,201707281500,67.00,,,63
29980,201707281600,64.00,,,58
29980,201707281700,62.00,,,54
29980,201707281800,63.00,76.00,62.00,56
29980,201707281900,63.00,,,56
29980,201707282000,63.00,,,56
29980,201707282100,62.00,,,54
29980,201707282200,61.00,,,52
29980,201707282300,62.00,,,54
29980,201707290000,61.00,,,52
29980,201707290100,61.00,,,52
29980,201707290200,61.00,,,52
29980,201707290300,62.00,,,54
29980,201707290400,62.00,,,54
29980,201707290500,63.00,,,56
29980,201707290600,64.00,64.00,60.00,58
29980,201707290700,65.00,,,59
29980,201707290800,65.00,,,59
29980,201707290900,65.00,,,59
29980,201707291000,65.00,,,59
29980,201707291100,66.00,,,61
29980,201707291200,67.00,,,63
29980,201707291300,67.00,,,63
29980,201707291400,70.00,,,68
29980,201707291500,70.00,,,68
29980,201707291600,70.00,,,68
29980,201707291700,67.00,,,63
29980,201707291800,64.00,71.00,64.00,58
29980,201707291900,63.00,,,56
29980,201707292000,62.00,,,54
29980,201707292100,61.00,,,52
29980,201707292200,60.00,,,50
29980,201707292300,60.00,,,50
29980,201707300000,58.00,,,47
29980,201707300100,58.00,,,47
29980,201707300200,57.00,,,45
29980,201707300300,58.00,,,47
29980,201707300400,60.00,,,50
29980,201707300500,62.00,,,54
29980,201707300600,65.00,65.00,56.00,59
29980,201707300700,67.00,,,63
29980,201707300800,68.00,,,65
29980,201707300900,69.00,,,67
29980,201707301000,70.00,,,68
29980,201707301100,71.00,,,70
29980,201707301200,72.00,,,72
29980,201707301300,72.00,,,72
29980,201707301400,73.00,,,74
29980,201707301500,71.00,,,70
29980,201707301600,69.00,,,67
29980,201707301700,67.00,,,63
29980,201707301800,65.00,73.00,64.00,59
29980,201707301900,63.00,,,56
29980,201707302000,63.00,,,56
29980,201707302100,61.00,,,52
29980,201707302200,60.00,,,50
29980,201707302300,59.00,,,49
29980,201707310000,60.00,,,50
29980,201707310100,61.00,,,52
29980,201707310200,62.00,,,54
29980,201707310300,61.00,,,52
29980,201707310400,62.00,,,54
29980,201707310500,62.00,,,54
29980,201707310600,63.00,65.00,59.00,56
29980,201707310700,66.00,,,61
29980,201707310800,65.00,,,59
29980,201707310900,64.00,,,58
29980,201707311000,65.00,,,59
29980,201707311100,66.00,,,61
29980,201707311200,66.00,,,61
29980,201707311300,67.00,,,63
29980,201707311400,72.00,,,72
29980,201707311500,71.00,,,70
29980,201707311600,70.00,,,68
29980,201707311700,68.00,,,65
29980,201707311800,65.00,72.00,63.00,59
29980,201707311900,64.00,,,58
29980,201707312000,62.00,,,54
29980,201707312100,61.00,,,52
29980,201707312200,61.00,,,52
29980,201707312300,61.00,,,52
29980,201708010000,61.00,,,52
29980,201708010100,60.00,,,50
29980,201708010200,60.00,,,50
29980,201708010300,61.00,,,52
29980,201708010400,64.00,,,58
29980,201708010500,66.00,,,61
29980,201708010600,69.00,69.00,60.00,67
29980,201708010700,70.00,,,68
29980,201708010800,70.00,,,68
29980,201708010900,71.00,,,70
29980,201708011000,73.00,,,74
29980,201708011100,73.00,,,74
29980,201708011200,72.00,,,72
29980,201708011300,72.00,,,72
29980,201708011400,71.00,,,70
29980,201708011500,67.00,,,63
29980,201708011600,67.00,,,63
29980,201708011700,66.00,,,61
29980,201708011800,65.00,74.00,65.00,59
29980,201708011900,63.00,,,56
29980,201708012000,64.00,,,58
29980,201708012100,63.00,,,56
29980,201708012200,63.00,,,56
29980,201708012300,63.00,,,56
29980,201708020000,64.00,,,58
29980,201708020100,64.00,,,58
29980,201708020200,63.00,,,56
29980,201708020300,62.00,,,54
29980,201708020400,61.00,,,52
29980,201708020500,60.00,,,50
29980,201708020600,61.00,65.00,60.00,52
29980,201708020700,61.00,,,52
29980,201708020800,61.00,,,52
29980,201708020900,61.00,,,52
29980,201708021000,64.00,,,58
29980,201708021100,67.00,,,63
29980,201708021200,66.00,,,61
29980,201708021300,69.00,,,67
29980,201708021400,69.00,,,67
29980,201708021500,67.00,,,63
29980,201708021600,69.00,,,67
29980,201708021700,68.00,,,65
29980,201708021800,66.00,71.00,61.00,61
29980,201708021900,64.00,,,58
29980,201708022000,63.00,,,56
29980,201708022100,62.00,,,54
29980,201708022200,62.00,,,54
29980,201708022300,61.00,,,52
29980,201708030000,62.00,,,54
29980,201708030100,61.00,,,52
29980,201708030200,60.00,,,50
29980,201708030300,61.00,,,52
29980,201708030400,62.00,,,54
29980,201708030500,64.00,,,58
29980,201708030600,65.00,66.00,60.00,59
29980,201708030700,68.00,,,65
29980,201708030800,67.00,,,63
29980,201708030900,67.00,,,63
29980,201708031000,68.00,,,65
29980,201708031100,68.00,,,65
29980,201708031200,71.00,,,70
29980,201708031300,71.00,,,70
29980,201708031400,70.00,,,68
29980,201708031500,69.00,,,67
29980,201708031600,68.00,,,65
29980,201708031700,66.00,,,61
29980,201708031800,62.00,72.00,62.00,54
29980,201708031900,61.00,,,52
29980,201708032000,60.00,,,50
29980,201708032100,60.00,,,50
29980,201708032200,61.00,,,52
29980,201708032300,61.00,,,52
29980,201708040000,61.00,,,52
29980,201708040100,61.00,,,52
29980,201708040200,60.00,,,50
29980,201708040300,59.00,,,49
29980,201708040400,59.00,,,49
29980,201708040500,58.00,,,47
29980,201708040600,58.00,62.00,58.00,47
29980,201708040700,58.00,,,47
29980,201708040800,59.00,,,49
29980,201708040900,61.00,,,52
29980,201708041000,62.00,,,54
29980,201708041100,63.00,,,56
29980,201708041200,66.00,,,61
29980,201708041300,68.00,,,65
29980,201708041400,68.00,,,65
29980,201708041500,66.00,,,61
29980,201708041600,65.00,,,59
29980,201708041700,64.00,,,58
29980,201708041800,63.00,69.00,58.00,56
29980,201708041900,61.00,,,52
29980,201708042000,61.00,,,52
29980,201708042100,61.00,,,52
29980,201708042200,59.00,,,49
29980,201708042300,60.00,,,50
29980,201708050000,60.00,,,50
29980,201708050100,60.00,,,50
29980,201708050200,59.00,,,49
29980,201708050300,60.00,,,50
29980,201708050400,60.00,,,50
29980,201708050500,63.00,,,56
29980,201708050600,64.00,64.00,59.00,58
29980,201708050700,65.00,,,59
29980,201708050800,65.00,,,59
29980,201708050900,61.00,,,52
29980,201708051000,65.00,,,59
29980,201708051100,67.00,,,63
29980,201708051200,67.00,,,63
29980,201708051300,67.00,,,63
29980,201708051400,67.00,,,63
29980,201708051500,67.00,,,63
29980,201708051600,64.00,,,58
29980,201708051700,63.00,,,56
29980,201708051800,62.00,68.00,61.00,54
29980,201708051900,61.00,,,52
29980,201708052000,62.00,,,54
29980,201708052100,60.00,,,50
29980,201708052200,59.00,,,49
29980,201708052300,58.00,,,47
29980,201708060000,60.00,,,50
29980,201708060100,60.00,,,50
29980,201708060200,60.00,,,50
29980,201708060300,60.00,,,50
29980,201708060400,60.00,,,50
29980,201708060500,61.00,,,52
29980,201708060600,63.00,63.00,59.00,56
29980,201708060700,64.00,,,58
29980,201708060800,64.00,,,58
29980,201708060900,62.00,,,54
29980,201708061000,67.00,,,63
29980,201708061100,67.00,,,63
29980,201708061200,67.00,,,63
29980,201708061300,66.00,,,61
29980,201708061400,59.00,,,49
29980,201708061500,60.00,,,50
29980,201708061600,60.00,,,50
29980,201708061700,59.00,,,49
29980,201708061800,58.00,69.00,58.00,47
29980,201708061900,58.00,,,47
29980,201708062000,58.00,,,47
29980,201708062100,57.00,,,45
29980,201708062200,58.00,,,47
29980,201708062300,57.00,,,45
29980,201708070000,57.00,,,45
29980,201708070100,57.00,,,45
29980,201708070200,57.00,,,45
29980,201708070300,58.00,,,47
29980,201708070400,58.00,,,47
29980,201708070500,59.00,,,49
29980,201708070600,60.00,60.00,57.00,50
29980,201708070700,61.00,,,52
29980,201708070800,64.00,,,58
29980,201708070900,62.00,,,54
29980,201708071000,63.00,,,56
29980,201708071100,64.00,,,58
29980,201708071200,63.00,,,56
29980,201708071300,60.00,,,50
29980,201708071400,64.00,,,58
29980,201708071500,61.00,,,52
29980,201708071600,63.00,,,56
29980,201708071700,60.00,,,50
29980,201708071800,58.00,66.00,58.00,47
29980,201708071900,55.00,,,41
29980,201708072000,56.00,,,43
29980,201708072100,57.00,,,45
29980,201708072200,56.00,,,43
29980,201708072300,55.00,,,41
29980,201708080000,55.00,,,41
29980,201708080100,55.00,,,41
29980,201708080400,59.00,,,49
29980,201708080500,61.00,,,52
29980,201708080600,63.00,63.00,53.00,56
29980,201708080700,66.00,,,61
29980,201708080800,68.00,,,65
29980,201708080900,69.00,,,67
29980,201708081000,68.00,,,65
29980,201708081100,71.00,,,70
29980,201708081200,71.00,,,70
29980,201708081300,71.00,,,70
29980,201708081400,70.00,,,68
29980,201708081500,69.00,,,67
29980,201708081600,67.00,,,63
29980,201708081700,65.00,,,59
29980,201708081800,63.00,71.00,62.00,56
29980,201708081900,61.00,,,52
29980,201708082000,60.00,,,50
29980,201708082100,59.00,,,49
29980,201708082200,58.00,,,47
29980,201708082300,57.00,,,45
29980,201708090000,57.00,,,45
29980,201708090100,57.00,,,45
29980,201708090200,57.00,,,45
29980,201708090300,57.00,,,45
29980,201708090400,58.00,,,47
29980,201708090500,62.00,,,54
29980,201708090600,64.00,64.00,56.00,58
29980,201708090700,67.00,,,63
29980,201708090800,67.00,,,63
29980,201708090900,70.00,,,68
29980,201708091000,68.00,,,65
29980,201708091100,71.00,,,70
29980,201708091200,71.00,,,70
29980,201708091300,71.00,,,70
29980,201708091400,72.00,,,72
29980,201708091500,69.00,,,67
29980,201708091600,68.00,,,65
29980,201708091700,67.00,,,63
29980,201708091800,65.00,72.00,64.00,59
29980,201708091900,64.00,,,58
29980,201708092000,64.00,,,58
29980,201708092100,66.00,,,61
29980,201708092200,67.00,,,63
29980,201708092300,66.00,,,61
29980,201708100000,65.00,,,59
29980,201708100100,64.00,,,58
29980,201708100200,64.00,,,58
29980,201708100300,64.00,,,58
29980,201708100400,64.00,,,58
29980,201708100500,65.00,,,59
29980,201708100600,64.00,67.00,63.00,58
29980,201708100700,65.00,,,59
29980,201708100800,65.00,,,59
29980,201708100900,67.00,,,63
29980,201708101000,68.00,,,65
29980,201708101100,70.00,,,68
29980,201708101200,72.00,,,72
29980,201708101300,71.00,,,70
29980,201708101400,70.00,,,68
29980,201708101500,70.00,,,68
29980,201708101600,67.00,,,63
29980,201708101700,65.00,,,59
29980,201708101800,63.00,72.00,63.00,56
29980,201708101900,62.00,,,54
29980,201708102000,61.00,,,52
29980,201708102100,60.00,,,50
29980,201708102200,61.00,,,52
29980,201708102300,60.00,,,50
29980,201708110000,59.00,,,49
29980,201708110100,58.00,,,47
29980,201708110200,57.00,,,45
29980,201708110300,58.00,,,47
29980,201708110400,58.00,,,47
29980,201708110500,62.00,,,54
29980,201708110600,65.00,65.00,57.00,59
29980,201708110700,64.00,,,58
29980,201708110800,68.00,,,65
29980,201708110900,68.00,,,65
29980,201708111000,69.00,,,67
29980,201708111100,70.00,,,68
29980,201708111200,71.00,,,70
29980,201708111300,71.00,,,70
29980,201708111400,72.00,,,72
29980,201708111500,71.00,,,70
29980,201708111600,69.00,,,67
29980,201708111700,67.00,,,63
29980,201708111800,64.00,72.00,63.00,58
29980,201708111900,63.00,,,56
29980,201708112000,61.00,,,52
29980,201708112100,60.00,,,50
29980,201708112200,61.00,,,52
29980,201708112300,61.00,,,52
29980,201708120000,63.00,,,56
29980,201708120100,63.00,,,56
29980,201708120200,62.00,,,54
29980,201708120300,60.00,,,50
29980,201708120400,64.00,,,58
29980,201708120500,64.00,,,58
29980,201708120600,67.00,67.00,60.00,63
29980,201708120700,68.00,,,65
29980,201708120800,71.00,,,70
29980,201708120900,73.00,,,74
29980,201708121000,73.00,,,74
29980,201708121100,74.00,,,76
29980,201708121200,74.00,,,76
29980,201708121300,77.00,,,81
29980,201708121400,74.00,,,76
29980,201708121500,74.00,,,76
29980,201708121600,71.00,,,70
29980,201708121700,63.00,,,56
29980,201708121800,64.00,77.00,62.00,58
29980,201708121900,63.00,,,56
29980,201708122000,64.00,,,58
29980,201708122100,64.00,,,58
29980,201708122200,64.00,,,58
29980,201708122300,64.00,,,58
29980,201708130000,63.00,,,56
29980,201708130100,63.00,,,56
29980,201708130200,63.00,,,56
29980,201708130300,62.00,,,54
29980,201708130400,62.00,,,54
29980,201708130500,64.00,,,58
29980,201708130600,63.00,65.00,62.00,56
29980,201708130700,64.00,,,58
29980,201708130800,65.00,,,59
29980,201708130900,65.00,,,59
29980,201708131000,65.00,,,59
29980,201708131100,68.00,,,65
29980,201708131200,68.00,,,65
29980,201708131300,66.00,,,61
29980,201708131400,69.00,,,67
29980,201708131500,66.00,,,61
29980,201708131600,63.00,,,56
29980,201708131700,62.00,,,54
29980,201708131800,61.00,70.00,61.00,52
29980,201708131900,61.00,,,52
29980,201708132000,59.00,,,49
29980,201708132100,58.00,,,47
29980,201708132200,58.00,,,47
29980,201708132300,55.00,,,41
29980,201708140000,55.00,,,41
29980,201708140100,52.00,,,36
29980,201708140200,51.00,,,34
29980,201708140300,50.00,,,32
29980,201708140400,53.00,,,38
29980,201708140500,56.00,,,43
29980,201708140600,59.00,61.00,50.00,49
29980,201708140700,62.00,,,54
29980,201708140800,64.00,,,58
29980,201708140900,67.00,,,63
29980,201708141000,67.00,,,63
29980,201708141100,67.00,,,63
29980,201708141200,68.00,,,65
29980,201708141300,68.00,,,65
29980,201708141400,69.00,,,67
29980,201708141500,68.00,,,65
29980,201708141600,68.00,,,65
29980,201708141700,66.00,,,61
29980,201708141800,64.00,70.00,60.00,58
29980,201708141900,61.00,,,52
29980,201708142000,60.00,,,50
29980,201708142100,58.00,,,47
29980,201708142200,56.00,,,43
29980,201708142300,55.00,,,41
29980,201708150000,55.00,,,41
29980,201708150100,55.00,,,41
29980,201708150200,53.00,,,38
29980,201708150300,54.00,,,40
29980,201708150400,57.00,,,45
29980,201708150500,60.00,,,50
29980,201708150600,62.00,63.00,53.00,54
29980,201708150700,63.00,,,56
29980,201708150800,64.00,,,58
29980,201708150900,66.00,,,61
29980,201708151000,66.00,,,61
29980,201708151100,67.00,,,63
29980,201708151300,68.00,,,65
29980,201708151400,67.00,,,63
29980,201708151500,68.00,,,65
29980,201708151600,64.00,,,58
29980,201708151700,62.00,,,54
29980,201708152100,59.00,,,49
29980,201708152200,56.00,,,43
29980,201708152300,55.00,,,41
29980,201708160000,56.00,,,43
29980,201708160100,57.00,,,45
29980,201708160200,56.00,,,43
29980,201708160300,57.00,,,45
29980,201708160400,57.00,,,45
29980,201708160500,61.00,,,52
29980,201708160600,63.00,63.00,54.00,56
29980,201708160700,64.00,,,58
29980,201708160800,64.00,,,58
29980,201708160900,66.00,,,61
29980,201708161000,65.00,,,59
29980,201708161100,65.00,,,59
29980,201708161200,67.00,,,63
29980,201708161300,68.00,,,65
29980,201708161400,69.00,,,67
29980,201708161500,69.00,,,67
29980,201708161600,67.00,,,63
29980,201708161700,67.00,,,63
29980,201708161800,66.00,69.00,63.00,61
29980,201708161900,65.00,,,59
29980,201708162000,65.00,,,59
29980,201708162100,65.00,,,59
29980,201708162200,65.00,,,59
29980,201708162300,63.00,,,56
29980,201708170000,64.00,,,58
29980,201708170100,63.00,,,56
29980,201708170200,63.00,,,56
29980,201708170300,63.00,,,56
29980,201708170400,63.00,,,56
29980,201708170500,63.00,,,56
29980,201708170600,64.00,66.00,62.00,58
29980,201708170700,64.00,,,58
29980,201708170800,65.00,,,59
29980,201708170900,66.00,,,61
29980,201708171000,69.00,,,67
29980,201708171100,71.00,,,70
29980,201708171200,72.00,,,72
29980,201708171300,72.00,,,72
29980,201708171400,69.00,,,67
29980,201708171500,70.00,,,68
29980,201708171600,70.00,,,68
29980,201708171700,69.00,,,67
29980,201708171800,67.00,73.00,64.00,63
29980,201708171900,66.00,,,61
29980,201708172000,65.00,,,59
29980,201708172100,64.00,,,58
29980,201708172200,65.00,,,59
29980,201708172300,64.00,,,58
29980,201708180000,63.00,,,56
29980,201708180100,63.00,,,56
29980,201708180200,62.00,,,54
29980,201708180300,62.00,,,54
29980,201708180400,64.00,,,58
29980,201708180500,64.00,,,58
29980,201708180600,65.00,68.00,61.00,59
29980,201708180700,64.00,,,58
29980,201708180800,65.00,,,59
29980,201708180900,68.00,,,65
29980,201708181000,67.00,,,63
29980,201708181100,67.00,,,63
29980,201708181200,68.00,,,65
29980,201708181300,67.00,,,63
29980,201708181400,67.00,,,63
29980,201708181500,67.00,,,63
29980,201708181600,66.00,,,61
29980,201708181700,64.00,,,58
29980,201708181800,62.00,70.00,62.00,54
29980,201708181900,61.00,,,52
29980,201708182000,61.00,,,52
29980,201708182100,62.00,,,54
29980,201708182200,63.00,,,56
29980,201708182300,64.00,,,58
29980,201708190000,64.00,,,58
29980,201708190100,63.00,,,56
29980,201708190200,64.00,,,58
29980,201708190300,63.00,,,56
29980,201708190400,64.00,,,58
29980,201708190500,64.00,,,58
29980,201708190600,64.00,64.00,60.00,58
29980,201708190700,64.00,,,58
29980,201708190800,64.00,,,58
29980,201708190900,66.00,,,61
29980,201708191000,65.00,,,59
29980,201708191100,66.00,,,61
29980,201708191200,66.00,,,61
29980,201708191300,69.00,,,67
29980,201708191400,71.00,,,70
29980,201708191500,69.00,,,67
29980,201708191600,65.00,,,59
29980,201708191700,64.00,,,58
29980,201708191800,63.00,72.00,63.00,56
29980,201708191900,64.00,,,58
29980,201708192000,64.00,,,58
29980,201708192100,63.00,,,56
29980,201708192200,63.00,,,56
29980,201708192300,63.00,,,56
29980,201708200000,63.00,,,56
29980,201708200100,62.00,,,54
29980,201708200200,62.00,,,54
29980,201708200300,61.00,,,52
29980,201708200400,61.00,,,52
29980,201708200500,62.00,,,54
29980,201708200600,64.00,64.00,60.00,58
29980,201708200700,65.00,,,59
29980,201708200800,65.00,,,59
29980,201708200900,65.00,,,59
29980,201708201000,65.00,,,59
29980,201708201100,67.00,,,63
29980,201708201200,66.00,,,61
29980,201708201300,61.00,,,52
29980,201708201400,65.00,,,59
29980,201708201500,64.00,,,58
29980,201708201600,64.00,,,58
29980,201708201700,63.00,,,56
29980,201708201800,61.00,68.00,61.00,52
29980,201708201900,60.00,,,50
29980,201708202000,61.00,,,52
29980,201708202100,61.00,,,52
29980,201708202200,60.00,,,50
29980,201708202300,60.00,,,50
29980,201708210000,59.00,,,49
29980,201708210100,59.00,,,49
29980,201708210200,59.00,,,49
29980,201708210300,58.00,,,47
29980,201708210400,59.00,,,49
29980,201708210500,61.00,,,52
29980,201708210600,62.00,62.00,58.00,54
29980,201708210700,63.00,,,56
29980,201708210800,63.00,,,56
29980,201708210900,63.00,,,56
29980,201708211000,64.00,,,58
29980,201708211100,64.00,,,58
29980,201708211200,64.00,,,58
29980,201708211300,65.00,,,59
29980,201708211400,66.00,,,61
29980,201708211500,64.00,,,58
29980,201708211600,64.00,,,58
29980,201708211700,62.00,,,54
29980,201708211800,61.00,66.00,61.00,52
29980,201708211900,60.00,,,50
29980,201708212000,58.00,,,47
29980,201708212100,58.00,,,47
29980,201708212200,57.00,,,45
29980,201708212300,56.00,,,43
29980,201708220000,56.00,,,43
29980,201708220100,55.00,,,41
29980,201708220200,55.00,,,41
29980,201708220300,54.00,,,40
29980,201708220400,55.00,,,41
29980,201708220500,57.00,,,45
29980,201708220600,57.00,61.00,54.00,45
29980,201708220700,58.00,,,47
29980,201708220800,59.00,,,49
29980,201708220900,61.00,,,52
29980,201708221000,62.00,,,54
29980,201708221100,63.00,,,56
29980,201708221200,62.00,,,54
29980,201708221300,64.00,,,58
29980,201708221400,64.00,,,58
29980,201708221500,64.00,,,58
29980,201708221600,64.00,,,58
29980,201708221700,61.00,,,52
29980,201708221800,59.00,65.00,57.00,49
29980,201708221900,57.00,,,45
29980,201708222000,56.00,,,43
29980,201708222100,57.00,,,45
29980,201708222200,54.00,,,40
29980,201708222300,53.00,,,38
29980,201708230000,52.00,,,36
29980,201708230100,51.00,,,34
29980,201708230200,51.00,,,34
29980,201708230300,50.00,,,32
29980,201708230400,50.00,,,32
29980,201708230500,51.00,,,34
29980,201708230600,53.00,60.00,50.00,38
29980,201708230700,55.00,,,41
29980,201708230800,55.00,,,41
29980,201708230900,58.00,,,47
29980,201708231000,61.00,,,52
29980,201708231100,62.00,,,54
29980,201708231200,63.00,,,56
29980,201708231300,62.00,,,54
29980,201708231400,62.00,,,54
29980,201708231500,62.00,,,54
29980,201708231600,61.00,,,52
29980,201708231700,60.00,,,50
29980,201708231800,58.00,63.00,53.00,47
29980,201708231900,57.00,,,45
29980,201708232000,55.00,,,41
29980,201708232100,54.00,,,40
29980,201708232200,54.00,,,40
29980,201708232300,53.00,,,38
29980,201708240000,52.00,,,36
29980,201708240100,51.00,,,34
29980,201708240200,51.00,,,34
29980,201708240300,51.00,,,34
29980,201708240400,51.00,,,34
29980,201708240500,52.00,,,36
29980,201708240600,54.00,58.00,51.00,40
29980,201708240700,55.00,,,41
29980,201708240800,57.00,,,45
29980,201708240900,59.00,,,49
29980,201708241000,61.00,,,52
29980,201708241100,62.00,,,54
29980,201708241200,63.00,,,56
29980,201708241300,63.00,,,56
29980,201708241400,61.00,,,52
29980,201708241500,60.00,,,50
29980,201708241600,58.00,,,47
29980,201708241700,57.00,,,45
29980,201708241800,54.00,65.00,54.00,40
29980,201708241900,52.00,,,36
29980,201708242000,50.00,,,32
29980,201708242100,49.00,,,31
29980,201708242200,49.00,,,31
29980,201708242300,49.00,,,31
29980,201708250000,48.00,,,29
29980,201708250100,48.00,,,29
29980,201708250200,48.00,,,29
29980,201708250300,47.00,,,27
29980,201708250400,49.00,,,31
29980,201708250500,50.00,,,32
29980,201708250600,51.00,54.00,47.00,34
29980,201708250700,53.00,,,38
29980,201708250800,54.00,,,40
29980,201708250900,56.00,,,43
29980,201708251000,56.00,,,43
29980,201708251100,56.00,,,43
29980,201708251200,57.00,,,45
29980,201708251300,56.00,,,43
29980,201708251400,55.00,,,41
29980,201708251500,55.00,,,41
29980,201708251600,54.00,,,40
29980,201708251700,54.00,,,40
29980,201708251800,53.00,57.00,51.00,38
29980,201708251900,52.00,,,36
29980,201708252000,52.00,,,36
29980,201708252100,51.00,,,34
29980,201708252200,49.00,,,31
29980,201708252300,47.00,,,27
29980,201708260000,46.00,,,25
29980,201708260100,45.00,,,23
29980,201708260200,44.00,,,22
29980,201708260300,46.00,,,25
29980,201708260400,48.00,,,29
29980,201708260500,50.00,,,32
29980,201708260600,53.00,53.00,44.00,38
29980,201708260700,56.00,,,43
29980,201708260800,57.00,,,45
29980,201708260900,56.00,,,43
29980,201708261000,59.00,,,49
29980,201708261100,60.00,,,50
29980,201708261200,53.00,,,38
29980,201708261300,58.00,,,47
29980,201708261400,56.00,,,43
29980,201708261500,53.00,,,38
29980,201708261600,53.00,,,38
29980,201708261700,54.00,,,40
29980,201708261800,51.00,61.00,51.00,34
29980,201708261900,49.00,,,31
29980,201708262000,49.00,,,31
29980,201708262100,47.00,,,27
29980,201708262200,47.00,,,27
29980,201708262300,46.00,,,25
29980,201708270000,45.00,,,23
29980,201708270100,45.00,,,23
29980,201708270200,44.00,,,22
29980,201708270300,43.00,,,20
29980,201708270400,43.00,,,20
29980,201708270500,47.00,,,27
29980,201708270600,51.00,51.00,43.00,34
29980,201708270700,53.00,,,38
29980,201708270800,54.00,,,40
29980,201708270900,55.00,,,41
29980,201708271000,58.00,,,47
29980,201708271100,58.00,,,47
29980,201708271200,58.00,,,47
29980,201708271300,57.00,,,45
29980,201708271400,57.00,,,45
29980,201708271500,56.00,,,43
29980,201708271600,55.00,,,41
29980,201708271700,55.00,,,41
29980,201708271800,52.00,59.00,51.00,36
29980,201708271900,50.00,,,32
29980,201708272000,49.00,,,31
29980,201708272100,49.00,,,31
29980,201708272200,49.00,,,31
29980,201708272300,48.00,,,29
29980,201708280000,49.00,,,31
29980,201708280100,49.00,,,31
29980,201708280200,48.00,,,29
29980,201708280300,49.00,,,31
29980,201708280400,49.00,,,31
29980,201708280500,50.00,,,32
29980,201708280600,52.00,52.00,48.00,36
29980,201708280700,54.00,,,40
29980,201708280800,57.00,,,45
29980,201708281000,58.00,,,47
29980,201708281100,58.00,,,47
29980,201708281200,59.00,,,49
29980,201708281300,61.00,,,52
29980,201708281400,60.00,,,50
29980,201708281500,58.00,,,47
29980,201708281600,58.00,,,47
29980,201708281700,56.00,,,43
29980,201708281800,55.00,62.00,52.00,41
29980,201708281900,53.00,,,38
29980,201708282000,52.00,,,36
29980,201708282100,50.00,,,32
29980,201708282200,49.00,,,31
29980,201708282300,49.00,,,31
29980,201708290000,49.00,,,31
29980,201708290100,47.00,,,27
29980,201708290200,46.00,,,25
29980,201708290300,48.00,,,29
29980,201708290400,49.00,,,31
29980,201708290500,51.00,,,34
29980,201708290600,58.00,58.00,46.00,47
29980,201708290700,61.00,,,52
29980,201708290800,61.00,,,52
29980,201708290900,62.00,,,54
29980,201708291000,62.00,,,54
29980,201708291100,62.00,,,54
29980,201708291200,63.00,,,56
29980,201708291300,63.00,,,56
29980,201708291400,62.00,,,54
29980,201708291500,62.00,,,54
29980,201708291600,62.00,,,54
29980,201708291700,62.00,,,54
29980,201708291800,62.00,64.00,58.00,54
29980,201708291900,60.00,,,50
29980,201708292000,60.00,,,50
29980,201708292100,60.00,,,50
29980,201708292200,59.00,,,49
29980,201708292300,59.00,,,49
29980,201708300000,59.00,,,49
29980,201708300100,59.00,,,49
29980,201708300200,59.00,,,49
29980,201708300300,59.00,,,49
29980,201708300400,59.00,,,49
29980,201708300500,60.00,,,50
29980,201708300600,60.00,62.00,59.00,50
29980,201708300700,61.00,,,52
29980,201708300800,62.00,,,54
29980,201708300900,65.00,,,59
29980,201708301000,64.00,,,58
29980,201708301100,66.00,,,61
29980,201708301200,65.00,,,59
29980,201708301300,65.00,,,59
29980,201708301400,64.00,,,58
29980,201708301500,64.00,,,58
29980,201708301600,64.00,,,58
29980,201708301700,64.00,,,58
29980,201708301800,63.00,67.00,60.00,56
29980,201708301900,62.00,,,54
29980,201708302000,62.00,,,54
29980,201708302100,62.00,,,54
29980,201708302200,62.00,,,54
29980,201708302300,61.00,,,52
29980,201708310000,62.00,,,54
29980,201708310100,61.00,,,52
29980,201708310200,61.00,,,52
29980,201708310300,60.00,,,50
29980,201708310400,60.00,,,50
29980,201708310500,60.00,,,50
29980,201708310600,61.00,63.00,59.00,52
29980,201708310700,61.00,,,52
29980,201708310800,62.00,,,54
29980,201708310900,62.00,,,54
29980,201708311000,63.00,,,56
29980,201708311100,63.00,,,56
29980,201708311200,65.00,,,59
29980,201708311300,66.00,,,61
29980,201708311400,66.00,,,61
29980,201708311500,66.00,,,61
29980,201708311600,62.00,,,54
29980,201708311700,62.00,,,54
29980,201708311800,64.00,66.00,61.00,58
29980,201708311900,64.00,,,58
29980,201708312000,64.00,,,58
29980,201708312100,64.00,,,58
29980,201708312200,64.00,,,58
29980,201708312300,64.00,,,58
